{"pages/cart":"{{#partial \"page\"}}\r\n<div class=\"page\">\r\n\r\n    <main class=\"page-content\" data-cart>\r\n        {{> components/common/breadcrumbs breadcrumbs=breadcrumbs}}\r\n\r\n        {{> components/cart/page-title}}\r\n\r\n        <div data-cart-status>\r\n            {{> components/cart/status-messages}}\r\n        </div>\r\n\r\n        {{#if cart.items.length}}\r\n            <div class=\"loadingOverlay\"></div>\r\n\r\n            <div data-cart-content>\r\n                {{> components/cart/content}}\r\n            </div>\r\n\r\n            <div data-cart-totals>\r\n                {{> components/cart/totals}}\r\n            </div>\r\n\r\n            {{#if cart.show_primary_checkout_button}}\r\n                <div class=\"cart-actions\">\r\n                    <a class=\"button button--primary\" href=\"{{urls.checkout.single_address}}\" title=\"{{lang 'cart.checkout.title'}}\">{{lang 'cart.checkout.button'}}</a>\r\n                    {{#if cart.show_multiple_address_shipping}}\r\n                        <a class=\"checkoutMultiple\" href=\"{{urls.checkout.multiple_address}}\">\r\n                            {{lang 'cart.preview.checkout_multiple'}}\r\n                        </a>\r\n                    {{/if}}\r\n                </div>\r\n            {{else}}\r\n                <div class=\"cart-actions\">\r\n                    <a class=\"button\" href=\"{{urls.home}}\" title=\"{{lang 'cart.continue_shopping'}}\">{{lang 'cart.continue_shopping'}}</a>\r\n                </div>\r\n            {{/if}}\r\n\r\n            {{#if cart.additional_checkout_buttons}}\r\n                <div class=\"cart-additionalCheckoutButtons\">\r\n                    {{#each cart.additional_checkout_buttons}}\r\n                        {{{this}}}\r\n                    {{/each}}\r\n                </div>\r\n            {{/if}}\r\n        {{else}}\r\n            <h3>{{lang 'cart.checkout.empty_cart'}}</h3>\r\n        {{/if}}\r\n\r\n        {{{snippet 'cart'}}}\r\n    </main>\r\n</div>\r\n{{/partial}}\r\n{{> layout/base}}\r\n","components/common/breadcrumbs":"<ul class=\"breadcrumbs\" itemscope itemtype=\"http://schema.org/BreadcrumbList\">\r\n    {{#each breadcrumbs}}\r\n        <li class=\"breadcrumb {{#if @last}}is-active{{/if}}\" itemprop=\"itemListElement\" itemscope itemtype=\"http://schema.org/ListItem\">\r\n            {{#if url}}\r\n                <a href=\"{{url}}\" class=\"breadcrumb-label\" itemprop=\"item\">{{name}}</a>\r\n            {{else}}\r\n                <span class=\"breadcrumb-label\" itemprop=\"name\">{{name}}</span>\r\n            {{/if}}\r\n            <meta itemprop=\"position\" content=\"{{@index}}\" />\r\n        </li>\r\n    {{/each}}\r\n</ul>\r\n","components/cart/page-title":"<h1 class=\"page-heading\" data-cart-page-title>\r\n    {{lang 'cart.label' quantity=cart.quantity}}\r\n</h1>\r\n","components/cart/status-messages":"{{#each cart.status_messages}}\r\n    {{> components/common/alert-info message}}\r\n{{/each}}\r\n","components/cart/content":"<table class=\"cart\" data-cart-quantity=\"{{cart.quantity}}\">\r\n    <thead class=\"cart-header\">\r\n        <tr>\r\n            <th class=\"cart-header-item\" colspan=\"2\">{{lang 'cart.checkout.item'}}</th>\r\n            <th class=\"cart-header-item\">{{lang 'cart.checkout.price'}}</th>\r\n            <th class=\"cart-header-item cart-header-quantity\">{{lang 'cart.checkout.quantity'}}</th>\r\n            <th class=\"cart-header-item\">{{lang 'cart.checkout.total'}}</th>\r\n        </tr>\r\n    </thead>\r\n    <tbody class=\"cart-list\">\r\n        {{#each cart.items}}\r\n            <tr class=\"cart-item\" data-item-row>\r\n                <td class=\"cart-item-block cart-item-figure\">\r\n                    {{#if type '==' 'GiftCertificate'}}\r\n                        <img class=\"cart-item-fixed-image lazyload\" data-sizes=\"auto\" src=\"{{cdn 'img/loading.svg'}}\" data-src=\"{{cdn ../../theme_settings.default_image_gift_certificate}}\" alt=\"GiftCertificate\" title=\"GiftCertificate\">\r\n                    {{else}}\r\n                        <img class=\"cart-item-image lazyload\" data-sizes=\"auto\" src=\"{{cdn 'img/loading.svg'}}\" data-src=\"{{getImage image 'productthumb_size' (cdn ../../theme_settings.default_image_product)}}\" alt=\"{{image.alt}}\" title=\"{{image.alt}}\">\r\n                    {{/if}}\r\n                </td>\r\n                <td class=\"cart-item-block cart-item-title\">\r\n                    {{#if brand.name}}\r\n                        <p class=\"cart-item-brand\">{{brand.name}}</p>\r\n                    {{/if}}\r\n                    <h4 class=\"cart-item-name\"><a href=\"{{url}}\">{{name}}</a></h4>\r\n                    {{#if release_date}}\r\n                        <p>({{release_date}})</p>\r\n                    {{/if}}\r\n\r\n                    {{#if configurable_fields}}\r\n                        <dl class=\"definitionList\">\r\n                            {{#each configurable_fields}}\r\n                                <dt class=\"definitionList-key\">{{name}}:</dt>\r\n                                <dd class=\"definitionList-value\">\r\n                                    {{#if is_file}}\r\n                                        <a href=\"/viewfile.php?prodfield={{../id}}&cartitem={{../../id}}\">{{{value}}}</a>\r\n                                    {{else}}\r\n                                        {{{value}}}\r\n                                    {{/if}}\r\n                                </dd>\r\n                            {{/each}}\r\n                        </dl>\r\n                    {{/if}}\r\n\r\n                    {{#if options}}\r\n                        <dl class=\"definitionList\">\r\n                            {{#each options}}\r\n                                <dt class=\"definitionList-key\">{{name}}:</dt>\r\n                                <dd class=\"definitionList-value\">\r\n                                    {{#if is_file}}\r\n                                        <a href=\"/viewfile.php?attributeId={{../id}}&cartitem={{../../id}}\">{{{value}}}</a>\r\n                                    {{else}}\r\n                                        {{{value}}}\r\n                                    {{/if}}\r\n                                </dd>\r\n                            {{/each}}\r\n                        </dl>\r\n                    {{/if}}\r\n\r\n                    {{#or options configurable_fields}}\r\n                        <a href=\"#\" data-item-edit=\"{{id}}\">{{lang 'cart.checkout.change'}}</a>\r\n                    {{/or}}\r\n\r\n                    {{#if type '==' 'GiftCertificate'}}\r\n                        <a href=\"{{edit_url}}\">{{lang 'cart.checkout.change'}}</a>\r\n                    {{/if}}\r\n                    {{> components/cart/item-giftwrap this}}\r\n                    {{#if event_date}}\r\n                        <dl class=\"cart-item-options\">\r\n                            <dt class=\"cart-item-option-title\">\r\n                                {{event_date.name}}\r\n                            </dt>\r\n\r\n                            <dd class=\"cart-item-option-description\">\r\n                                {{event_date.date}}\r\n                            </dd>\r\n                        </dl>\r\n                    {{/if}}\r\n\r\n                </td>\r\n                <td class=\"cart-item-block cart-item-info\">\r\n                    <span class=\"cart-item-label\">{{lang 'cart.checkout.price'}}</span>\r\n                    {{#or ../customer (if ../theme_settings.restrict_to_login '!==' true)}}\r\n                        <span class=\"cart-item-value {{#if price_discounted}}price--discounted{{/if}}\">{{price.formatted}}</span>\r\n                        {{#if price_discounted}}\r\n                            <span class=\"cart-item-value\">{{price_discounted.formatted}}</span>\r\n                        {{/if}}\r\n                    {{else}}\r\n                        {{> components/common/login-for-pricing}}\r\n                    {{/or}}\r\n                </td>\r\n\r\n                <td class=\"cart-item-block cart-item-info cart-item-quantity\">\r\n\r\n                    <label class=\"form-label cart-item-label\" for=\"qty-{{id}}\">{{lang 'products.quantity'}}</label>\r\n                    <div class=\"form-increment\">\r\n                        {{# if can_modify}}\r\n                            <button class=\"button button--icon\" data-cart-update data-cart-itemid=\"{{id}}\" data-action=\"dec\">\r\n                                <span class=\"is-srOnly\">{{lang 'products.quantity_decrease'}}</span>\r\n                                <i class=\"icon\" aria-hidden=\"true\"><svg><use xlink:href=\"#icon-keyboard-arrow-down\" /></svg></i>\r\n                            </button>\r\n                        {{/if}}\r\n                        <input class=\"form-input form-input--incrementTotal\"\r\n                               id=\"qty-{{id}}\"\r\n                               name=\"qty-{{id}}\"\r\n                               type=\"tel\"\r\n                               value=\"{{quantity}}\"\r\n                               data-quantity-min=\"{{min_purchase_quantity}}\"\r\n                               data-quantity-max=\"{{max_purchase_quantity}}\"\r\n                               data-quantity-min-error=\"{{lang 'products.quantity_min' quantity=min_purchase_quantity}}\"\r\n                               data-quantity-max-error=\"{{lang 'products.quantity_max' quantity=max_purchase_quantity}}\"\r\n                               min=\"1\"\r\n                               pattern=\"[0-9]*\"\r\n                               aria-live=\"polite\"{{#unless can_modify}} disabled{{/unless}}>\r\n                        {{# if can_modify}}\r\n                            <button class=\"button button--icon\" data-cart-update data-cart-itemid=\"{{id}}\" data-action=\"inc\">\r\n                                <span class=\"is-srOnly\">{{lang 'products.quantity_increase'}}</span>\r\n                                <i class=\"icon\" aria-hidden=\"true\"><svg><use xlink:href=\"#icon-keyboard-arrow-up\" /></svg></i>\r\n                            </button>\r\n                        {{/if}}\r\n                    </div>\r\n\r\n                </td>\r\n\r\n                <td class=\"cart-item-block cart-item-info\">\r\n                    <span class=\"cart-item-label\">{{lang 'cart.checkout.total'}}</span>\r\n                    {{#or ../customer (if ../theme_settings.restrict_to_login '!==' true)}}\r\n                        <strong class=\"cart-item-value {{#if total_discounted}}price--discounted{{/if}}\">{{total.formatted}}</strong>\r\n                        {{#if total_discounted}}\r\n                            <strong class=\"cart-item-value\">{{total_discounted.formatted}}</strong>\r\n                        {{/if}}\r\n                    {{else}}\r\n                        {{> components/common/login-for-pricing}}\r\n                    {{/or}}\r\n                    {{# if can_modify}}\r\n                        <a class=\"cart-remove icon\" data-cart-itemid=\"{{id}}\" href=\"#\" data-confirm-delete=\"{{lang 'cart.confirm_delete'}}\">\r\n                            <svg><use xlink:href=\"#icon-close\"></use></svg>\r\n                        </a>\r\n                    {{else}}\r\n                        {{#if type '==' 'GiftCertificate'}}\r\n                            <a class=\"cart-remove icon\" data-cart-itemid=\"{{id}}\" href=\"#\" data-confirm-delete=\"{{lang 'cart.confirm_delete'}}\">\r\n                                <svg><use xlink:href=\"#icon-close\"></use></svg>\r\n                            </a>\r\n                        {{/if}}\r\n                    {{/if}}\r\n                </td>\r\n            </tr>\r\n        {{/each}}\r\n    </tbody>\r\n</table>\r\n","components/cart/totals":"<ul class=\"cart-totals\">\r\n    <li class=\"cart-total\">\r\n        <div class=\"cart-total-label\">\r\n            <strong>{{lang 'cart.checkout.subtotal'}}:</strong>\r\n        </div>\r\n        <div class=\"cart-total-value\">\r\n            {{#or customer (if theme_settings.restrict_to_login '!==' true)}}\r\n                <span>{{cart.sub_total.formatted}}</span>\r\n            {{else}}\r\n                {{> components/common/login-for-pricing}}\r\n            {{/or}}\r\n        </div>\r\n    </li>\r\n    {{#if cart.gift_wrapping_cost.amount}}\r\n        <li class=\"cart-total\">\r\n            <div class=\"cart-total-label\">\r\n                <strong>{{lang 'cart.checkout.gift_wrapping'}}:</strong>\r\n            </div>\r\n            <div class=\"cart-total-value\">\r\n                <span>{{cart.gift_wrapping_cost.formatted}}</span>\r\n            </div>\r\n        </li>\r\n    {{/if}}\r\n    {{#if cart.shipping_handling.show_estimator}}\r\n        <li class=\"cart-total\">\r\n            <div class=\"cart-total-label\">\r\n                <strong>{{lang 'cart.checkout.shipping'}}:</strong>\r\n            </div>\r\n            {{> components/cart/shipping-estimator cart.shipping_handling}}\r\n        </li>\r\n    {{/if}}\r\n    {{#each cart.taxes}}\r\n        <li class=\"cart-total\">\r\n            <div class=\"cart-total-label\">\r\n                <strong>{{name}}:</strong>\r\n            </div>\r\n            <div class=\"cart-total-value\">\r\n                <span>{{cost.formatted}}</span>\r\n            </div>\r\n        </li>\r\n    {{/each}}\r\n    {{#if cart.discount }}\r\n        <li class=\"cart-total\">\r\n            <div class=\"cart-total-label\">\r\n                <strong>{{lang 'cart.discount'}}:</strong>\r\n            </div>\r\n            <div class=\"cart-total-value\">\r\n                {{cart.discount.formatted}}\r\n            </div>\r\n        </li>\r\n    {{/if}}\r\n    {{#if cart.coupons}}\r\n        {{#each cart.coupons}}\r\n            <li class=\"cart-total\">\r\n                <div class=\"cart-total-label\">\r\n                    <strong>{{lang 'cart.coupons.code_label' code=code}}</strong>\r\n                    <div>\r\n                        <a href=\"{{remove_url}}\">{{lang 'cart.coupons.remove'}}</a>\r\n                    </div>\r\n                </div>\r\n                <div class=\"cart-total-value\">\r\n                    <span>{{discount.formatted}}</span>\r\n                </div>\r\n            </li>\r\n        {{/each}}\r\n    {{else}}\r\n        <li class=\"cart-total\">\r\n            <div class=\"cart-total-label\">\r\n                <strong>{{lang 'cart.coupon_code'}}:</strong>\r\n            </div>\r\n            {{> components/cart/coupon-input}}\r\n        </li>\r\n    {{/if}}\r\n    {{#if settings.gift_certificates_enabled}}\r\n        {{#each cart.gift_certificates}}\r\n            <li class=\"cart-total\">\r\n                <div class=\"cart-total-label\">\r\n                    <strong>{{lang 'cart.gift_certificates.code_label' code=code}}</strong>\r\n                    <span>\r\n                        {{remaining.formatted}} | <a href=\"{{remove_url}}\">{{lang 'cart.gift_certificates.remove'}}</a>\r\n                    </span>\r\n                </div>\r\n                <div class=\"cart-total-value\">\r\n                    {{used.formatted}}\r\n                </div>\r\n            </li>\r\n        {{/each}}\r\n        <li class=\"cart-total\">\r\n            <div class=\"cart-total-label\">\r\n                <strong>{{lang 'cart.gift_certificates.gift_certificate'}}:</strong>\r\n            </div>\r\n            {{> components/cart/gift-certificate-input}}\r\n        </li>\r\n    {{/if}}\r\n    <li class=\"cart-total\">\r\n        <div class=\"cart-total-label\">\r\n            <strong>{{lang 'cart.checkout.grand_total'}}:</strong>\r\n        </div>\r\n        <div class=\"cart-total-value cart-total-grandTotal\">\r\n            {{#or customer (if theme_settings.restrict_to_login '!==' true)}}\r\n                <span>{{cart.grand_total.formatted}}</span>\r\n            {{else}}\r\n                {{> components/common/login-for-pricing}}\r\n            {{/or}}\r\n        </div>\r\n    </li>\r\n</ul>\r\n","layout/base":"<!DOCTYPE html>\r\n<html class=\"no-js\" lang=\"{{ locale_name }}\">\r\n    <head>\r\n        <title>{{ head.title }}</title>\r\n        {{{ resourceHints }}}\r\n        {{{ head.meta_tags }}}\r\n        {{{ head.config }}}\r\n        {{#block \"head\"}} {{/block}}\r\n\r\n        <link href=\"{{ head.favicon }}\" rel=\"shortcut icon\">\r\n        <meta name=\"viewport\" content=\"width=device-width, initial-scale=1, maximum-scale=1\">\r\n\r\n        <script>\r\n            // Change document class from no-js to js so we can detect this in css\r\n            document.documentElement.className = document.documentElement.className.replace('no-js', 'js');\r\n        </script>\r\n\r\n        {{ getFontsCollection }}\r\n        {{{stylesheet '/assets/css/theme.css'}}}\r\n        <link rel='stylesheet' id='fonts-google-css'  href='https://fonts.googleapis.com/css?family=Poppins%3A100%2C100i%2C200%2C200i%2C300%2C300i%2C400%2C400i%2C500%2C500i%2C600%2C600i%2C700%2C700i%2C800%2C800i%2C900%2C900i&#038;ver=3.2' type='text/css' media='all' />\r\n\r\n        {{{head.scripts}}}\r\n        {{{head.rsslinks}}}\r\n\r\n        {{inject 'themeSettings' theme_settings}}\r\n        {{inject 'genericError' (lang 'common.generic_error')}}\r\n        {{inject 'maintenanceMode' settings.maintenance}}\r\n        {{inject 'urls' urls}}\r\n        {{{snippet 'htmlhead'}}}\r\n    </head>\r\n    <body>\r\n        {{{snippet 'header'}}}\r\n        <svg data-src=\"{{cdn 'img/icon-sprite.svg'}}\" class=\"icons-svg-sprite\"></svg>\r\n\r\n        {{#if settings.privacy_cookie}}\r\n            {{> components/common/cookie}}\r\n        {{/if}}\r\n\r\n        {{> components/common/header }}\r\n        {{> components/common/body }}\r\n        {{> components/common/footer }}\r\n\r\n        <script>window.__webpack_public_path__ = \"{{cdn 'assets/dist/'}}\";</script>\r\n        <script src=\"{{cdn 'assets/dist/theme-bundle.main.js'}}\"></script>\r\n\r\n        <script>\r\n            // Exported in app.js\r\n            window.stencilBootstrap(\"{{page_type}}\", {{jsContext}}).load();\r\n        </script>\r\n\r\n        {{{footer.scripts}}}\r\n        {{{snippet 'footer'}}}\r\n    </body>\r\n</html>\r\n","components/cart/item-giftwrap":"{{#if show_gift_wrapping}}\r\n    <dl class=\"cart-item-options cart-item-options--giftWrapping\">\r\n        <dt class=\"cart-item-option-title\">\r\n            {{lang 'cart.gift_wrapping.title'}}:\r\n        </dt>\r\n        {{#if gift_wrapping}}\r\n            <dd class=\"cart-item-option-description\">\r\n                {{gift_wrapping.name}}\r\n                <span class=\"cart-item-option-actions\">\r\n                    (<a href=\"\" data-item-giftwrap=\"{{id}}\">{{lang 'cart.gift_wrapping.change'}}</a> or <a href=\"{{gift_wrapping.remove_url}}\" onclick=\"return confirm('{{lang 'cart.gift_wrapping.remove_confirm'}}')\">{{lang 'cart.gift_wrapping.remove'}}</a>)\r\n                </span>\r\n            </dd>\r\n            {{#if gift_wrapping.message}}\r\n                <dt class=\"cart-item-option-title\">\r\n                    {{lang 'cart.gift_wrapping.gift_message'}}:\r\n                </dt>\r\n                <dd class=\"cart-item-option-description\">\r\n                    {{gift_wrapping.message}}\r\n                </dd>\r\n            {{/if}}\r\n        {{else}}\r\n            <dd class=\"cart-item-option-description\">\r\n                <a href=\"\" data-item-giftwrap=\"{{id}}\">{{lang 'cart.gift_wrapping.add'}}</a>\r\n            </dd>\r\n        {{/if}}\r\n    </dl>\r\n{{/if}}\r\n","components/common/alert-info":"<div class=\"alertBox alertBox--info\">\r\n    <div class=\"alertBox-column alertBox-icon\">\r\n        <icon glyph=\"ic-success\" class=\"icon\" aria-hidden=\"true\"><svg xmlns=\"http://www.w3.org/2000/svg\" width=\"24\" height=\"24\" viewBox=\"0 0 24 24\"><path d=\"M12 2C6.48 2 2 6.48 2 12s4.48 10 10 10 10-4.48 10-10S17.52 2 12 2zm1 15h-2v-2h2v2zm0-4h-2V7h2v6z\"></path></svg></icon>\r\n    </div>\r\n    <p class=\"alertBox-column alertBox-message\">\r\n        <span>{{{this}}}</span>\r\n    </p>\r\n</div>\r\n","components/cart/coupon-input":"<div class=\"cart-total-value\">\r\n\r\n    <button class=\"coupon-code-add\">{{lang 'cart.coupons.add_coupon'}}</button>\r\n\r\n    <button class=\"coupon-code-cancel\" style=\"display: none;\">{{lang 'cart.coupons.cancel'}}</button>\r\n</div>\r\n\r\n<div class=\"cart-form coupon-code\" style=\"display: none;\">\r\n    <form class=\"form form--hiddenLabels coupon-form\" method=\"post\" action=\"{{urls.cart}}\">\r\n        <label class=\"form-label\" for=\"couponcode\">{{lang 'cart.coupons.coupon_code'}}</label>\r\n        <input class=\"form-input\" data-error=\"{{lang 'cart.coupons.empty_error'}}\"  id=\"couponcode\" type=\"text\" name=\"couponcode\" value=\"\" placeholder=\"{{lang 'cart.coupons.coupon_code'}}\">\r\n        <input class=\"button button--primary button--small\" type=\"submit\" value=\"{{lang 'cart.coupons.button'}}\">\r\n        <input type=\"hidden\" name=\"action\" value=\"applycoupon\">\r\n    </form>\r\n</div>\r\n","components/common/login-for-pricing":"<p translate>Log in for pricing</p>\r\n","components/cart/shipping-estimator":"{{#if shipping_cost}}\r\n    <div class=\"cart-total-value\">\r\n        <div class=\"subtotal shipping-estimate-show\">\r\n            <a href=\"#\" class=\"shipping-estimate-value\">{{shipping_cost.formatted}}</a>\r\n        </div>\r\n    </div>\r\n{{else}}\r\n    <div class=\"cart-total-value\">\r\n        <button class=\"shipping-estimate-show\">{{lang 'cart.shipping_estimator.add_info'}}</button>\r\n        <button class=\"shipping-estimate-hide\" style=\"display: none;\">Cancel</button>\r\n    </div>\r\n{{/if}}\r\n\r\n<div class=\"shipping-estimator u-hiddenVisually\">\r\n    <form class=\"form estimator-form\" data-shipping-estimator>\r\n        <dl>\r\n            <dt class=\"estimator-form-label\">\r\n                <label class=\"form-label\" for=\"shipping-country\">{{lang 'cart.shipping_estimator.select_a_country'}}</label>\r\n            </dt>\r\n\r\n            <dd class=\"estimator-form-input\">\r\n                <select class=\"form-select\" id=\"shipping-country\" name=\"shipping-country\" data-field-type=\"Country\">\r\n                    <option>{{lang 'cart.shipping_estimator.select_a_country'}}</option>\r\n                    {{#each countries}}\r\n                        <option value=\"{{id}}\" {{#if selected}}selected=\"selected\"{{/if}}>\r\n                            {{name}}\r\n                        </option>\r\n                    {{/each}}\r\n                </select>\r\n            </dd>\r\n\r\n            <dt class=\"estimator-form-label\">\r\n                <label class=\"form-label\" for=\"shipping-state\">{{lang 'cart.shipping_estimator.select_a_state'}}</label>\r\n            </dt>\r\n\r\n            <dd class=\"estimator-form-input\">\r\n                {{#if states.length}}\r\n                    <select class=\"form-select\" id=\"shipping-state\" name=\"shipping-state\" data-field-type=\"State\">\r\n                        <option>{{lang 'cart.shipping_estimator.select_a_state'}}</option>\r\n                        {{#each states}}\r\n                            <option value=\"{{id}}\" {{#if selected}}selected=\"selected\"{{/if}}>\r\n                                {{name}}\r\n                            </option>\r\n                        {{/each}}\r\n                    </select>\r\n                {{else}}\r\n                    <input class=\"form-input\" type=\"text\" id=\"shipping-state\" name=\"shipping-state\" data-field-type=\"State\" placeholder=\"{{lang 'cart.shipping_estimator.select_a_state'}}\">\r\n                {{/if}}\r\n            </dd>\r\n\r\n            <dt class=\"estimator-form-label\">\r\n                <label class=\"form-label\" for=\"shipping-city\">{{lang 'cart.shipping_estimator.suburb_city'}}</label>\r\n            </dt>\r\n            <dd class=\"estimator-form-input\">\r\n                <input class=\"form-input\" type=\"text\" id=\"shipping-city\" name=\"shipping-city\" value=\"{{selected_city}}\" placeholder=\"{{lang 'cart.shipping_estimator.suburb_city'}}\">\r\n            </dd>\r\n\r\n            <dt class=\"estimator-form-label\">\r\n                <label class=\"form-label\" for=\"shipping-zip\">{{lang 'cart.shipping_estimator.zip_postal_code'}}</label>\r\n            </dt>\r\n            <dd class=\"estimator-form-input\">\r\n                <input class=\"form-input\" type=\"text\" id=\"shipping-zip\" name=\"shipping-zip\" value=\"{{selected_zip}}\" placeholder=\"{{lang 'cart.shipping_estimator.zip_postal_code'}}\">\r\n            </dd>\r\n            <button class=\"button button--primary button--small shipping-estimate-submit\">{{lang 'cart.shipping_estimator.estimate_shipping'}}</button>\r\n        </dl>\r\n    </form>\r\n    <div class=\"shipping-quotes\"></div>\r\n</div>\r\n","components/cart/gift-certificate-input":"<div class=\"cart-total-value\">\r\n\r\n    <button class=\"gift-certificate-add\">{{lang 'cart.gift_certificates.gift_certificate'}}</button>\r\n\r\n    <button class=\"gift-certificate-cancel\" style=\"display: none;\">{{lang 'cart.coupons.cancel'}}</button>\r\n</div>\r\n\r\n<div class=\"cart-form gift-certificate-code\" style=\"display: none;\">\r\n    <form class=\"form form--hiddenLabels cart-gift-certificate-form\" method=\"post\" action=\"{{urls.cart}}\">\r\n        <label class=\"form-label\" for=\"certcode\">{{lang 'cart.gift_certificates.cert_code'}}</label>\r\n        <input class=\"form-input\" data-error=\"{{lang 'cart.gift_certificates.empty_error'}}\"  id=\"certcode\" type=\"text\" name=\"certcode\" value=\"\" placeholder=\"{{lang 'cart.gift_certificates.add_cert_code'}}\">\r\n        <input class=\"button button--primary button--small\" type=\"submit\" value=\"{{lang 'cart.coupons.button'}}\">\r\n        <input type=\"hidden\" name=\"action\" value=\"applycoupon\">\r\n    </form>\r\n</div>\r\n","components/common/cookie":"<div class=\"cookieMessage\">\r\n    <div class=\"cookieMessage-container\">\r\n        <div class=\"cookieMessage-text\">\r\n            <p>{{settings.privacy_cookie}}</p>\r\n        </div>\r\n        <button class=\"button button--primary button--small\" data-privacy-accept>{{lang 'cookies.accept'}}</button>\r\n    </div>\r\n</div>\r\n","components/common/header":"{{#if banners.top}}\r\n<div class=\"banners\" data-banner-location=\"top\">\r\n    <div class=\"banner\">\r\n        {{{limit banners.top 1}}}\r\n    </div>\r\n</div>\r\n{{else}}\r\n<div class=\"banners swirl\" data-banner-location=\"top\"></div>\r\n{{/if}}\r\n<header class=\"header\" role=\"banner\">\r\n    <a href=\"#\" class=\"mobileMenu-toggle\" data-mobile-menu-toggle=\"menu\">\r\n        <span class=\"mobileMenu-toggleIcon\">Toggle menu</span>\r\n    </a>\r\n    {{!> components/common/navigation}}\r\n\r\n    {{#if page_type '===' 'default'}}\r\n        <h1 class=\"header-logo header-logo--{{theme_settings.logo-position}}\">\r\n            {{> components/common/store-logo}}\r\n        </h1>\r\n    {{else}}\r\n        <div class=\"header-logo header-logo--{{theme_settings.logo-position}}\">\r\n            {{> components/common/store-logo}}\r\n        </div>\r\n    {{/if}}\r\n    {{> components/common/navigation}}\r\n    {{{region name=\"header_bottom\"}}}\r\n    <div class=\"navPages-container\" id=\"menu\" data-menu>\r\n        {{> components/common/navigation-menu}}\r\n    </div>\r\n</header>\r\n","components/common/body":"<div class=\"body\">\r\n    {{#block \"hero\"}} {{/block}}\r\n    {{#if category.image}}\r\n        <!-- <img class=\"lazyload category-image\" data-sizes=\"auto\" src=\"{{cdn 'img/loading.svg'}}\" data-src=\"{{getImage category.image 'zoom_size'}}\"> -->\r\n\r\n        <section class=\"heroCarousel slick-initialized slick-slider slick-dotted\" data-slick=\"{\r\n            &quot;mobileFirst&quot;: true,\r\n            &quot;slidesToShow&quot;: 1,\r\n            &quot;slidesToScroll&quot;: 1,\r\n            &quot;autoplay&quot;: true,\r\n            &quot;autoplaySpeed&quot;: 5000,\r\n            &quot;lazyLoad&quot;: &quot;anticipated&quot;\r\n        }\">\r\n        <div class=\"heroCarousel-slide {{#if ../theme_settings.homepage_stretch_carousel_images}}stretch{{/if}} {{#if @first}}heroCarousel-slide--first{{/if}}\">\r\n            <div class=\"heroCarousel-image-wrapper\" {{#if image_height}}{{#if image_width}}style=\"height: {{multiply (divide image_height image_width) 100}}vw\"{{/if}}{{/if}}>\r\n                <img class=\"lazyload category-image heroCarousel-image\" data-sizes=\"auto\" src=\"{{cdn 'img/loading.svg'}}\" data-src=\"{{getImage category.image 'zoom_size'}}\">\r\n                {{#if image_width}}width=\"{{image_width}}\"{{/if}} {{#if image_height}}height=\"{{image_height}}\"{{/if}} />\r\n            </div>\r\n            <div class=\"heroCarousel-content\">\r\n                <h1 class=\"heroCarousel-title\">{{category.name}}</h1>\r\n                <div class=\"heroCarousel-description\">{{{category.description}}}</div>\r\n                    <!-- <span class=\"heroCarousel-action button button--primary button--large\">SHOP NOW <img src=\"/stencil/00000000-0000-0000-0000-000000000001//img/button-icon.png\" alt=\"\"></span> -->\r\n            </div>\r\n        </div>\r\n        \r\n    </section>\r\n    {{else}}\r\n    <h1 class=\"page-heading\">{{category.name}}</h1>\r\n    <div class=\"category-desc\">{{{category.description}}}</div>\r\n    {{/if}}\r\n    <div class=\"container\">\r\n        {{#block \"page\"}} {{/block}}\r\n    </div>\r\n    {{> components/common/modal}}\r\n</div>\r\n","components/common/footer":"{{#if banners.bottom}}\r\n<div class=\"banners\" data-banner-location=\"bottom\">\r\n    <div class=\"banner\">\r\n        {{{limit banners.bottom 1}}}\r\n    </div>\r\n</div>\r\n{{/if}}\r\n<footer class=\"footer\" role=\"contentinfo\">\r\n    <div class=\"container\">\r\n        {{#if theme_settings.social_icon_placement_bottom '!==' 'bottom_none'}}\r\n            <article class=\"footer-info-col\r\n                footer-info-col--social\r\n                footer-info-col--{{#if theme_settings.social_icon_placement_bottom '===' 'bottom_left'}}left{{else}}right{{/if}}\"\r\n                data-section-type=\"footer-webPages\">\r\n                    <h5 class=\"footer-info-heading\">{{lang 'social.connect'}}</h5>\r\n                    {{> components/common/social-links}}\r\n            </article>\r\n        {{/if}}\r\n        <section class=\"footer-info\">\r\n            <article class=\"footer-info-col footer-info-col--small\" data-section-type=\"footer-webPages\">\r\n                <h5 class=\"footer-info-heading\">{{lang 'footer.navigate'}}</h5>\r\n                <ul class=\"footer-info-list\">\r\n                    {{#each pages}}\r\n                        <li>\r\n                            <a href=\"{{url}}\">{{name}}</a>\r\n                        </li>\r\n                    {{/each}}\r\n                    <li>\r\n                        <a href=\"{{urls.sitemap}}\">{{lang 'sitemap.page_title'}}</a>\r\n                    </li>\r\n                </ul>\r\n            </article>\r\n\r\n            <article class=\"footer-info-col footer-info-col--small\" data-section-type=\"footer-categories\">\r\n                <h5 class=\"footer-info-heading\">{{lang 'footer.categories'}}</h5>\r\n                <ul class=\"footer-info-list\">\r\n                    {{#each categories}}\r\n                        <li>\r\n                            <a href=\"{{url}}\">{{name}}</a>\r\n                        </li>\r\n                    {{/each}}\r\n                </ul>\r\n            </article>\r\n\r\n            {{#and theme_settings.shop_by_brand_show_footer shop_by_brand.length}}\r\n            <article class=\"footer-info-col footer-info-col--small\" data-section-type=\"footer-brands\">\r\n                <h5 class=\"footer-info-heading\">{{lang 'footer.brands'}}</h5>\r\n                <ul class=\"footer-info-list\">\r\n                    {{#each shop_by_brand}}\r\n                        <li>\r\n                            <a href=\"{{url}}\">{{name}}</a>\r\n                        </li>\r\n                    {{/each}}\r\n                    <li><a href=\"{{urls.brands}}\">{{lang 'common.view_all'}}</a></li>\r\n                </ul>\r\n            </article>\r\n            {{/and}}\r\n\r\n            {{#if settings.address}}\r\n            <article class=\"footer-info-col footer-info-col--small\" data-section-type=\"storeInfo\">\r\n                <h5 class=\"footer-info-heading\">{{lang 'footer.info'}}</h5>\r\n                <address>{{nl2br settings.address}}</address>\r\n                {{#if settings.phone_number}}\r\n                    <strong>{{lang 'footer.call_us' phone_number=settings.phone_number}}</strong>\r\n                {{/if}}\r\n            </article>\r\n            {{/if}}\r\n\r\n            <article class=\"footer-info-col\" data-section-type=\"newsletterSubscription\">\r\n                {{#if settings.show_newsletter_box}}\r\n                    {{> components/common/subscription-form}}\r\n                {{/if}}\r\n                {{> components/common/payment-icons}}\r\n            </article>\r\n        </section>\r\n        {{#if theme_settings.geotrust_ssl_common_name}}\r\n            <div class=\"footer-geotrust-ssl-seal\">\r\n                {{> components/common/geotrust-ssl-seal}}\r\n            </div>\r\n        {{/if}}\r\n        {{#if theme_settings.show_powered_by}}\r\n            <div class=\"footer-copyright\">\r\n                <p class=\"powered-by\">Powered by <a href=\"https://www.bigcommerce.com?utm_source=merchant&amp;utm_medium=poweredbyBC\" rel=\"nofollow\">BigCommerce</a></p>\r\n            </div>\r\n        {{/if}}\r\n        {{#if theme_settings.show_copyright_footer}}\r\n            <div class=\"footer-copyright\">\r\n                <p class=\"powered-by\">&copy; {{moment format=\"YYYY\"}} {{settings.store_name}} </p>\r\n            </div>\r\n        {{/if}}\r\n    </div>\r\n</footer>\r\n","components/common/store-logo":"<a href=\"{{urls.home}}\">\r\n    {{#if settings.store_logo.image}}\r\n        {{#if theme_settings.logo_size '===' 'original'}}\r\n            <img class=\"header-logo-image-unknown-size\" src=\"{{getImage settings.store_logo.image 'logo_size'}}\" alt=\"{{settings.store_logo.title}}\" title=\"{{settings.store_logo.title}}\">\r\n        {{else}}\r\n            <div class=\"header-logo-image-container\">\r\n                <img class=\"header-logo-image lazyload\" data-sizes=\"auto\" src=\"{{cdn 'img/loading.svg'}}\" data-src=\"{{getImage settings.store_logo.image 'logo_size'}}\" alt=\"{{settings.store_logo.title}}\" title=\"{{settings.store_logo.title}}\">\r\n            </div>\r\n        {{/if}}\r\n    {{else}}\r\n        <span class=\"header-logo-text\">{{settings.store_logo.title}}</span>\r\n    {{/if}}\r\n</a>\r\n","components/common/modal":"<div id=\"modal\" class=\"modal\" data-reveal data-prevent-quick-search-close>\r\n    <a href=\"#\" class=\"modal-close\" aria-label=\"{{lang 'common.close'}}\" role=\"button\">\r\n        <span aria-hidden=\"true\">&#215;</span>\r\n    </a>\r\n    <div class=\"modal-content\"></div>\r\n    <div class=\"loadingOverlay\"></div>\r\n</div>\r\n","components/common/navigation-menu":"<nav class=\"navPages\">\r\n    <div class=\"navPages-quickSearch\">\r\n        {{> components/common/quick-search}}\r\n    </div>\r\n    <ul class=\"navPages-list{{#if theme_settings.navigation_design '!==' 'simple'}} navPages-list-depth-max{{/if}}\">\r\n        {{#each categories}}\r\n            <li class=\"navPages-item\">\r\n            {{#if ../theme_settings.navigation_design '===' 'simple'}}\r\n                {{> components/common/navigation-list}}\r\n            {{/if}}\r\n            {{#if ../theme_settings.navigation_design '===' 'alternate'}}\r\n                {{> components/common/navigation-list-alternate}}\r\n            {{/if}}\r\n            </li>\r\n        {{/each}}\r\n        {{#unless theme_settings.hide_content_navigation}}\r\n            {{#each pages}}\r\n                 <li class=\"navPages-item navPages-item-page\">\r\n                     <a class=\"navPages-action\" href=\"{{url}}\">{{name}}</a>\r\n                 </li>\r\n             {{/each}}\r\n        {{/unless}}\r\n    </ul>\r\n    <ul class=\"navPages-list navPages-list--user\">\r\n        {{#if currency_selector.currencies.length '>' 1}}\r\n            <li class=\"navPages-item\">\r\n                <a class=\"navPages-action has-subMenu\" href=\"#\" data-collapsible=\"navPages-currency\" aria-controls=\"navPages-currency\" aria-expanded=\"false\">\r\n                    {{lang 'common.currency' code=currency_selector.active_currency_code}} <i class=\"icon navPages-action-moreIcon\" aria-hidden=\"true\"><svg><use xmlns:xlink=\"http://www.w3.org/1999/xlink\" xlink:href=\"#icon-chevron-down\"></use></svg></i>\r\n                </a>\r\n                <div class=\"navPage-subMenu\" id=\"navPages-currency\" aria-hidden=\"true\" tabindex=\"-1\">\r\n                    <ul class=\"navPage-subMenu-list\">\r\n                        {{#each currency_selector.currencies}}\r\n                        <li class=\"navPage-subMenu-item\">\r\n                            <a class=\"navPage-subMenu-action navPages-action\" href=\"{{{switch_url}}}\">\r\n                                {{#if is_active}}\r\n                                    <strong>{{name}}</strong>\r\n                                {{else}}\r\n                                    {{name}}\r\n                                {{/if}}\r\n                            </a>\r\n                        </li>\r\n                        {{/each}}\r\n                    </ul>\r\n                </div>\r\n            </li>\r\n        {{/if}}\r\n        {{#if settings.gift_certificates_enabled}}\r\n            <li class=\"navPages-item\">\r\n                <a class=\"navPages-action\" href=\"{{urls.gift_certificate.purchase}}\">{{lang 'common.gift_cert'}}</a>\r\n            </li>\r\n        {{/if}}\r\n        {{#if customer.store_credit.value '>' 0}}\r\n            <li class=\"navPages-item\">\r\n                <a class=\"navPages-action navPages-action--storeCredit\">\r\n                    {{lang 'common.store_credit_overview' credit=customer.store_credit.formatted}}\r\n                </a>\r\n            </li>\r\n        {{/if}}\r\n        {{#if theme_settings.product_list_display_mode '==' 'list'}}\r\n            <li class=\"navPages-item\">\r\n                <a class=\"navPages-action navPages-action--compare\" href=\"{{urls.compare}}\" data-compare-nav>{{lang 'common.compare'}} <span class=\"countPill countPill--positive countPill--alt\"></span></a>\r\n            </li>\r\n        {{/if}}\r\n        {{#if customer}}\r\n            <li class=\"navPages-item\">\r\n                <a class=\"navPages-action has-subMenu\" href=\"{{urls.account.index}}\" data-collapsible=\"navPages-account\">\r\n                    {{lang 'common.account'}} <i class=\"icon navPages-action-moreIcon\" aria-hidden=\"true\"><svg><use xlink:href=\"#icon-chevron-down\" /></svg></i>\r\n                </a>\r\n                <div class=\"navPage-subMenu\" id=\"navPages-account\" aria-hidden=\"true\" tabindex=\"-1\">\r\n                    <ul class=\"navPage-subMenu-list\">\r\n                        <li class=\"navPage-subMenu-item\">\r\n                            <a class=\"navPage-subMenu-action navPages-action\" href=\"{{urls.account.orders.all}}\">{{lang 'account.nav.orders'}}</a>\r\n                        </li>\r\n                        {{#if settings.returns_enabled}}\r\n                            <li class=\"navPage-subMenu-item\">\r\n                                <a class=\"navPage-subMenu-action navPages-action\" href=\"{{urls.account.returns}}\">{{lang 'account.nav.returns'}}</a>\r\n                            </li>\r\n                        {{/if}}\r\n                        <li class=\"navPage-subMenu-item\">\r\n                            <a class=\"navPage-subMenu-action navPages-action\" href=\"{{urls.account.inbox}}\">{{lang 'account.mobile_nav.messages'}}</a>\r\n                        </li>\r\n                        <li class=\"navPage-subMenu-item\">\r\n                            <a class=\"navPage-subMenu-action navPages-action\" href=\"{{urls.account.addresses}}\">{{lang 'account.nav.addresses'}}</span></a>\r\n                        </li>\r\n                        <li class=\"navPage-subMenu-item\">\r\n                            <a class=\"navPage-subMenu-action navPages-action\" href=\"{{urls.account.wishlists.all}}\">{{lang 'account.mobile_nav.wishlists'}}</a>\r\n                        </li>\r\n                        <li class=\"navPage-subMenu-item\">\r\n                            <a class=\"navPage-subMenu-action navPages-action\" href=\"{{urls.account.recent_items}}\">{{lang 'account.nav.recently_viewed'}}</a>\r\n                        </li>\r\n                        <li class=\"navPage-subMenu-item\">\r\n                            <a class=\"navPage-subMenu-action navPages-action\" href=\"{{urls.account.details}}\">{{lang 'account.nav.settings'}}</a>\r\n                        </li>\r\n                    </ul>\r\n                </div>\r\n            </li>\r\n            <li class=\"navPages-item\">\r\n                <a class=\"navPages-action\" href=\"{{urls.auth.logout}}\">{{lang 'common.logout'}}</a>\r\n            </li>\r\n        {{else}}\r\n            <li class=\"navPages-item\">\r\n                <a class=\"navPages-action\" href=\"{{urls.auth.login}}\">{{lang 'common.login'}}</a>\r\n                {{#if settings.account_creation_enabled}}\r\n                    {{lang 'common.or'}} <a class=\"navPages-action\" href=\"{{urls.auth.create_account}}\">{{lang 'common.sign_up'}}</a>\r\n                {{/if}}\r\n            </li>\r\n        {{/if}}\r\n        {{#if theme_settings.social_icon_placement_top}}\r\n            <li class=\"navPages-item\">\r\n                {{> components/common/social-links}}\r\n            </li>\r\n        {{/if}}\r\n    </ul>\r\n</nav>\r\n","components/common/social-links":"{{#if social_media}}\r\n    <ul class=\"socialLinks socialLinks--alt\">\r\n        {{#each social_media}}\r\n            <li class=\"socialLinks-item\">\r\n                {{#if display_name '===' 'google+'}}\r\n                    <a class=\"icon icon--google\" href=\"{{url}}\" target=\"_blank\">\r\n                        <svg><use xlink:href=\"#icon-google\" /></svg>\r\n                    </a>\r\n                {{else}}\r\n                    <a class=\"icon icon--{{display_name}}\" href=\"{{url}}\" target=\"_blank\">\r\n                        <svg><use xlink:href=\"#icon-{{display_name}}\" /></svg>\r\n                    </a>\r\n                {{/if}}\r\n            </li>\r\n        {{/each}}\r\n    </ul>\r\n{{/if}}\r\n","components/common/payment-icons":"{{#with theme_settings}}\r\n    {{#or show_accept_amex show_accept_discover show_accept_mastercard show_accept_paypal show_accept_visa}}\r\n        <div class=\"footer-payment-icons\">\r\n            {{#if show_accept_amex}}\r\n                <svg class=\"footer-payment-icon\"><use xlink:href=\"#icon-logo-american-express\"></use></svg>\r\n            {{/if}}\r\n            {{#if show_accept_discover}}\r\n                <svg class=\"footer-payment-icon\"><use xlink:href=\"#icon-logo-discover\"></use></svg>\r\n            {{/if}}\r\n            {{#if show_accept_mastercard}}\r\n                <svg class=\"footer-payment-icon\"><use xlink:href=\"#icon-logo-mastercard\"></use></svg>\r\n            {{/if}}\r\n            {{#if show_accept_paypal}}\r\n                <svg class=\"footer-payment-icon\"><use xlink:href=\"#icon-logo-paypal\"></use></svg>\r\n            {{/if}}\r\n            {{#if show_accept_visa}}\r\n                <svg class=\"footer-payment-icon\"><use xlink:href=\"#icon-logo-visa\"></use></svg>\r\n            {{/if}}\r\n        </div>\r\n    {{/or}}\r\n{{/with}}\r\n","components/common/navigation":"<nav class=\"navUser\">\r\n    {{> components/common/currency-selector}}\r\n\r\n    <ul class=\"navUser-section navUser-section--alt\">\r\n        {{#if customer.store_credit.value '>' 0}}\r\n            <li class=\"navUser-item\">\r\n                <a class=\"navUser-action navUser-action--storeCredit\"\r\n                   data-dropdown=\"storeCredit-dropdown\"\r\n                   data-options=\"align:bottom\"\r\n                   href=\"{{urls.cart}}\">\r\n                        <span class=\"navUser-action-divider\">{{lang 'common.store_credit_overview' credit=customer.store_credit.formatted}}</span>\r\n                </a>\r\n                <div class=\"dropdown-menu\" id=\"storeCredit-dropdown\" data-dropdown-content aria-hidden=\"true\">\r\n                    {{{lang 'common.store_credit' store_credit=customer.store_credit.formatted}}}\r\n                </div>\r\n            </li>\r\n        {{/if}}\r\n        <li class=\"navUser-item\">\r\n            <a class=\"navUser-action navUser-item--compare\" href=\"{{urls.compare}}\" data-compare-nav>{{lang 'common.compare'}} <span class=\"countPill countPill--positive countPill--alt\"></span></a>\r\n        </li>\r\n        {{#if theme_settings.social_icon_placement_top}}\r\n            <li class=\"navUser-item navUser-item--social\">\r\n                {{> components/common/social-links}}\r\n            </li>\r\n            <li class=\"navUser-item navUser-item--divider\">|</li>\r\n        {{/if}}\r\n        <li class=\"navUser-item\">\r\n            <a class=\"navUser-action navUser-action--quickSearch\" href=\"#\" data-search=\"quickSearch\" aria-controls=\"quickSearch\" aria-expanded=\"false\">{{lang 'common.search'}}</a>\r\n        </li>\r\n        {{#if settings.gift_certificates_enabled}}\r\n            <li class=\"navUser-item\">\r\n                <a class=\"navUser-action\" href=\"{{urls.gift_certificate.purchase}}\">{{lang 'common.gift_cert'}}</a>\r\n            </li>\r\n        {{/if}}\r\n        <li class=\"navUser-item navUser-item--account\">\r\n            {{#if customer}}\r\n                <a class=\"navUser-action\" href=\"{{urls.account.index}}\">{{lang 'common.account'}}</a>\r\n                <a class=\"navUser-action\" href=\"{{urls.auth.logout}}\">{{lang 'common.logout'}}</a>\r\n            {{else}}\r\n                <a class=\"navUser-action\" href=\"{{urls.auth.login}}\">{{lang 'common.login'}}</a>\r\n                {{#if settings.account_creation_enabled}}\r\n                    <span class=\"navUser-or\">{{lang 'common.or'}}</span> <a class=\"navUser-action\" href=\"{{urls.auth.create_account}}\">{{lang 'common.sign_up'}}</a>\r\n                {{/if}}\r\n            {{/if}}\r\n        </li>\r\n        <li class=\"navUser-item navUser-item--cart\">\r\n            <a\r\n                class=\"navUser-action\"\r\n                data-cart-preview\r\n                data-dropdown=\"cart-preview-dropdown\"\r\n                data-options=\"align:right\"\r\n                href=\"{{urls.cart}}\">\r\n                <span class=\"navUser-item-cartLabel\">{{lang 'common.cart'}}</span> <span class=\"countPill{{#if cart.items}} countPill--positive{{/if}} cart-quantity\">{{cart.quantity}}</span>\r\n            </a>\r\n\r\n            <div class=\"dropdown-menu\" id=\"cart-preview-dropdown\" data-dropdown-content aria-hidden=\"true\"></div>\r\n        </li>\r\n    </ul>\r\n    <div class=\"dropdown dropdown--quickSearch\" id=\"quickSearch\" aria-hidden=\"true\" tabindex=\"-1\" data-prevent-quick-search-close>\r\n        {{> components/common/quick-search}}\r\n    </div>\r\n</nav>\r\n","components/common/geotrust-ssl-seal":"<table width=\"135\" border=\"0\" cellpadding=\"2\" cellspacing=\"0\" title=\"Click to Verify - This site chose GeoTrust SSL for secure e-commerce and confidential communications.\">\r\n    <tr>\r\n        <td width=\"135\" align=\"center\" valign=\"top\">\r\n            <script type=\"text/javascript\" src=\"https://seal.geotrust.com/getgeotrustsslseal?host_name={{theme_settings.geotrust_ssl_common_name}}&amp;size={{theme_settings.geotrust_ssl_seal_size}}&amp;lang={{locale_name}}\"></script><br />\r\n            <a href=\"http://www.geotrust.com/ssl/\" target=\"_blank\"  style=\"color:#000000; text-decoration:none; font:bold 7px verdana,sans-serif; letter-spacing:.5px; text-align:center; margin:0px; padding:0px;\"></a>\r\n        </td>\r\n    </tr>\r\n</table>\r\n","components/common/subscription-form":"<h5 class=\"footer-info-heading\">{{lang 'newsletter.subscribe'}}</h5>\r\n<p>{{lang 'newsletter.subscribe_intro'}}</p>\r\n\r\n<form class=\"form\" action=\"{{urls.subscribe.action}}\" method=\"post\">\r\n    <fieldset class=\"form-fieldset\">\r\n        <input type=\"hidden\" name=\"action\" value=\"subscribe\">\r\n        <input type=\"hidden\" name=\"nl_first_name\" value=\"bc\">\r\n        <input type=\"hidden\" name=\"check\" value=\"1\">\r\n        <div class=\"form-field\">\r\n            <label class=\"form-label is-srOnly\" for=\"nl_email\">{{lang 'common.email_address'}}</label>\r\n            <div class=\"form-prefixPostfix wrap\">\r\n                <input class=\"form-input\" id=\"nl_email\" name=\"nl_email\" type=\"email\" value=\"{{customer.email}}\" placeholder=\"{{lang 'newsletter.email_placeholder'}}\">\r\n                <input class=\"button button--primary form-prefixPostfix-button--postfix\" type=\"submit\" value=\"{{lang 'newsletter.subscribe_submit'}}\">\r\n            </div>\r\n            {{#if settings.show_newsletter_summary }}\r\n                <div class=\"footer-newsletter-summary\">{{settings.newsletter_summary}}</div>\r\n            {{/if}}\r\n        </div>\r\n    </fieldset>\r\n</form>\r\n","components/common/quick-search":"<div class=\"container\">\r\n    {{{ snippet \"forms_search\"}}}\r\n    <form class=\"form\" action=\"{{urls.search}}\">\r\n        <fieldset class=\"form-fieldset\">\r\n            <div class=\"form-field\">\r\n                <label class=\"is-srOnly\" for=\"search_query\">{{lang \"search.quick_search.input_label\"}}</label>\r\n                <input class=\"form-input\" data-search-quick name=\"search_query\" id=\"search_query\" data-error-message=\"{{lang 'search.error.empty_field'}}\" placeholder=\"{{lang 'search.quick_search.input_placeholder'}}\" autocomplete=\"off\">\r\n            </div>\r\n        </fieldset>\r\n    </form>\r\n    <section class=\"quickSearchResults\" data-bind=\"html: results\"></section>\r\n</div>\r\n","components/common/navigation-list":"{{#if children}}\r\n<a class=\"navPages-action has-subMenu\" href=\"{{url}}\" data-collapsible=\"navPages-{{id}}\">\r\n    {{name}} <i class=\"icon navPages-action-moreIcon\" aria-hidden=\"true\"><svg><use xlink:href=\"#icon-chevron-down\" /></svg></i>\r\n</a>\r\n<div class=\"navPage-subMenu\" id=\"navPages-{{id}}\" aria-hidden=\"true\" tabindex=\"-1\">\r\n    <ul class=\"navPage-subMenu-list\">\r\n        <li class=\"navPage-subMenu-item\">\r\n            <a class=\"navPage-subMenu-action navPages-action\" href=\"{{url}}\">{{lang 'category.view_all.name' category=name}}</a>\r\n        </li>\r\n        {{#each children}}\r\n            <li class=\"navPage-subMenu-item\">\r\n                {{#if children}}\r\n                    <a\r\n                        class=\"navPage-subMenu-action navPages-action has-subMenu\"\r\n                        href=\"{{url}}\"\r\n                        data-collapsible=\"navPages-{{id}}\"\r\n                        data-collapsible-disabled-breakpoint=\"medium\"\r\n                        data-collapsible-disabled-state=\"open\"\r\n                        data-collapsible-enabled-state=\"closed\">\r\n                        {{name}} <i class=\"icon navPages-action-moreIcon\" aria-hidden=\"true\"><svg><use xlink:href=\"#icon-chevron-down\" /></svg></i>\r\n                    </a>\r\n                    <ul class=\"navPage-childList\" id=\"navPages-{{id}}\">\r\n                        {{#each children}}\r\n                        <li class=\"navPage-childList-item\">\r\n                            <a class=\"navPage-childList-action navPages-action\" href=\"{{url}}\">{{name}}</a>\r\n                        </li>\r\n                        {{/each}}\r\n                    </ul>\r\n                {{else}}\r\n                    <a class=\"navPage-subMenu-action navPages-action\" href=\"{{url}}\">{{name}}</a>\r\n                {{/if}}\r\n            </li>\r\n        {{/each}}\r\n    </ul>\r\n</div>\r\n{{else}}\r\n<a class=\"navPages-action\" href=\"{{url}}\">{{name}}</a>\r\n{{/if}}\r\n","components/common/navigation-list-alternate":"{{#if children}}\r\n    <a class=\"navPages-action navPages-action-depth-max has-subMenu is-root\" href=\"{{url}}\" data-collapsible=\"navPages-{{id}}\">\r\n        {{name}} <i class=\"icon navPages-action-moreIcon\" aria-hidden=\"true\"><svg><use xlink:href=\"#icon-chevron-down\" /></svg></i>\r\n    </a>\r\n    {{> components/common/navigation-dropdown}}\r\n{{else}}\r\n    <a class=\"navPages-action\" href=\"{{url}}\">{{name}}</a>\r\n{{/if}}\r\n","components/common/currency-selector":"{{#if currency_selector.currencies.length '>' 1}}\r\n<ul class=\"navUser-section\">\r\n    <li class=\"navUser-item\">\r\n        <a class=\"navUser-action navUser-action--currencySelector has-dropdown\" href=\"#\" data-dropdown=\"currencySelection\" aria-controls=\"currencySelection\" aria-expanded=\"false\">{{lang 'common.currency' code=currency_selector.active_currency_code}} <i class=\"icon\" aria-hidden=\"true\"><svg><use xlink:href=\"#icon-chevron-down\" /></svg></i></a>\r\n        <ul class=\"dropdown-menu\" id=\"currencySelection\" data-dropdown-content aria-hidden=\"true\" tabindex=\"-1\">\r\n            {{#each currency_selector.currencies}}\r\n            <li class=\"dropdown-menu-item\">\r\n                <a href=\"{{{switch_url}}}\">\r\n                    {{#if is_active}}\r\n                    <strong>{{name}}</strong>\r\n                    {{else}}\r\n                    {{name}}\r\n                    {{/if}}\r\n                </a>\r\n            </li>\r\n            {{/each}}\r\n        </ul>\r\n    </li>\r\n</ul>\r\n{{/if}}\r\n","components/common/navigation-dropdown":"<div class=\"navPage-subMenu navPage-subMenu-horizontal\" id=\"navPages-{{id}}\" aria-hidden=\"true\" tabindex=\"-1\">\r\n    <ul class=\"navPage-subMenu-list\">\r\n        <li class=\"navPage-subMenu-item-parent\">\r\n            <a class=\"navPage-subMenu-action navPages-action navPages-action-depth-max\" href=\"{{url}}\">{{lang 'category.view_all.name' category=name}}</a>\r\n        </li>\r\n        {{#each children}}\r\n            <li class=\"navPage-subMenu-item-child\">\r\n                {{#if children}}\r\n                    <a class=\"navPage-subMenu-action navPages-action navPages-action-depth-max has-subMenu\" href=\"{{url}}\" data-collapsible=\"navPages-{{id}}\">\r\n                        {{name}} <i class=\"icon navPages-action-moreIcon\" aria-hidden=\"true\"><svg><use xlink:href=\"#icon-chevron-down\" /></svg></i>\r\n                    </a>\r\n                    {{> components/common/navigation-dropdown}}\r\n                {{else}}\r\n                    <a class=\"navPage-subMenu-action navPages-action\" href=\"{{url}}\">{{name}}</a>\r\n                {{/if}}\r\n            </li>\r\n        {{/each}}\r\n    </ul>\r\n</div>\r\n"}