{"pages/amp/product":"---\r\nproduct:\r\n    videos:\r\n        limit: {{theme_settings.productpage_videos_count}}\r\n    reviews:\r\n        limit: {{theme_settings.productpage_reviews_count}}\r\n    related_products:\r\n        limit: {{theme_settings.productpage_related_products_count}}\r\n---\r\n{{#partial \"amp-style\"}}\r\n    {{> components/amp/products/styles }}\r\n{{/partial}}\r\n{{#partial \"amp-scripts\"}}\r\n    <script async custom-element=\"amp-accordion\" src=\"https://cdn.ampproject.org/v0/amp-accordion-0.1.js\"></script>\r\n    <script async custom-element=\"amp-carousel\" src=\"https://cdn.ampproject.org/v0/amp-carousel-0.1.js\"></script>\r\n    {{#if settings.add_this.buttons}}\r\n        <script async custom-element=\"amp-social-share\" src=\"https://cdn.ampproject.org/v0/amp-social-share-0.1.js\"></script>\r\n    {{/if}}\r\n    <script async custom-element=\"amp-iframe\" src=\"https://cdn.ampproject.org/v0/amp-iframe-0.1.js\"></script>\r\n    {{#if product.videos}}\r\n        <script async custom-element=\"amp-youtube\" src=\"https://cdn.ampproject.org/v0/amp-youtube-0.1.js\"></script>\r\n    {{/if}}\r\n{{/partial}}\r\n{{#partial \"page\"}}\r\n    {{> components/amp/common/header }}\r\n    <div itemscope itemtype=\"http://schema.org/Product\">\r\n        {{> components/amp/products/product-view schema=true}}\r\n    </div>\r\n    {{#if settings.amp_analytics_id}}\r\n        <amp-analytics type=\"googleanalytics\">\r\n            <script type=\"application/json\">\r\n            {\r\n                \"vars\": {\r\n                    \"account\": \"{{settings.amp_analytics_id}}\"\r\n                },\r\n                \"extraUrlParams\": {\r\n                    \"cd1\": \"{{page_type}}\",\r\n                    \"cd2\": \"{{product.id}}\",\r\n                    \"cd3\": \"{{product.url}}\",\r\n                    \"cd4\": \"{{product.title}}\",\r\n                    \"cd5\": \"{{product.sku}}\"\r\n                },\r\n                \"triggers\": {\r\n                    \"trackPageview\": {\r\n                        \"on\": \"visible\",\r\n                        \"request\": \"pageview\"\r\n                    },\r\n                    \"trackClickOnAddToCart\" : {\r\n                        \"on\": \"click\",\r\n                        \"selector\": \".productView-action a, .card-title a\",\r\n                        \"request\": \"event\",\r\n                        \"vars\": {\r\n                            \"eventCategory\": \"Product\",\r\n                            \"eventAction\": \"Add to Cart\"\r\n                        }\r\n                    },\r\n                    \"trackClickOnSocialLink\" : {\r\n                        \"on\": \"click\",\r\n                        \"selector\": \".amp-social-share\",\r\n                        \"request\": \"social\",\r\n                        \"vars\": {\r\n                            \"socialNetwork\": \"${socialType}\",\r\n                            \"socialAction\": \"Share\",\r\n                            \"socialTarget\": \"${productLink}\"\r\n                        }\r\n                    }\r\n                }\r\n            }\r\n            </script>\r\n        </amp-analytics>\r\n    {{/if}}\r\n    {{> components/amp/common/footer }}\r\n{{/partial}}\r\n{{> layout/amp }}\r\n","components/amp/common/header":"{{#if banners.top}}\r\n    <div class=\"banners\" data-banner-location=\"top\">\r\n        <div class=\"banner\">\r\n            {{{limit banners.top 1}}}\r\n        </div>\r\n    </div>\r\n{{/if}}\r\n\r\n<header class=\"amp-header\">\r\n    <button class=\"amp-menu-button\" on=\"tap:amp-menu.toggle\">\r\n        Toggle menu\r\n    </button>\r\n\r\n    <div class=\"amp-header-logo\">\r\n        {{> components/amp/common/store-logo}}\r\n    </div>\r\n</header>\r\n<amp-sidebar layout=\"nodisplay\" id=\"amp-menu\" data-menu>\r\n    {{> components/amp/common/navigation-menu}}\r\n</amp-sidebar>\r\n","components/amp/products/styles":"<style amp-custom>\r\n{{> components/amp/css/base}}\r\n{{> components/amp/css/header}}\r\n{{> components/amp/css/footer}}\r\n{{> components/amp/css/product}}\r\n</style>\r\n","components/amp/common/footer":"<footer class=\"amp-footer\" role=\"contentinfo\">\r\n    <article data-section-type=\"footer-webPages\">\r\n        <h5 class=\"amp-footer-heading\">{{lang 'footer.navigate'}}</h5>\r\n        <ul class=\"amp-footer-list\">\r\n            {{#each pages}}\r\n            <li>\r\n                <a href=\"{{url}}\">{{name}}</a>\r\n            </li>\r\n            {{/each}}\r\n            <li>\r\n                <a href=\"{{urls.sitemap}}\">{{lang 'sitemap.page_title'}}</a>\r\n            </li>\r\n        </ul>\r\n    </article>\r\n\r\n    <article data-section-type=\"footer-categories\">\r\n        <h5 class=\"amp-footer-heading\">{{lang 'footer.categories'}}</h5>\r\n        <ul class=\"amp-footer-list\">\r\n            {{#each categories}}\r\n                <li>\r\n                    <a href=\"{{url}}\">{{name}}</a>\r\n                </li>\r\n            {{/each}}\r\n        </ul>\r\n    </article>\r\n\r\n    <article data-section-type=\"footer-brands\">\r\n        <h5 class=\"amp-footer-heading\">{{lang 'footer.brands'}}</h5>\r\n        <ul class=\"amp-footer-list\">\r\n            {{#each shop_by_brand}}\r\n                <li>\r\n                    <a href=\"{{url}}\">{{name}}</a>\r\n                </li>\r\n            {{/each}}\r\n            <li><a href=\"{{urls.brands}}\">{{lang 'common.view_all'}}</a></li>\r\n        </ul>\r\n    </article>\r\n\r\n    <article data-section-type=\"storeInfo\">\r\n        <h5 class=\"amp-footer-heading\">{{lang 'footer.info'}}</h5>\r\n        <address>{{nl2br settings.address}}</address>\r\n        {{#if settings.phone_number}}\r\n            <strong>{{lang 'footer.call_us' phone_number=settings.phone_number}}</strong>\r\n        {{/if}}\r\n    </article>\r\n    <article>\r\n        {{#if theme_settings.show_powered_by}}\r\n            <p>Powered by <a href=\"http://bigcommerce.com?utm_source=merchant&amp;utm_medium=poweredbyBC\" rel=\"nofollow\">BigCommerce</a></p>\r\n        {{/if}}\r\n        {{#if theme_settings.show_copyright_footer}}\r\n            <p class=\"powered-by\">&copy; {{settings.store_name}} </p>\r\n        {{/if}}\r\n    </article>\r\n</footer>\r\n","components/amp/products/product-view":"<div class=\"productView\">\r\n    {{#each product.reviews.messages}}\r\n        {{#if error}}\r\n            {{>components/amp/common/alert-error error}}\r\n        {{/if}}\r\n        {{#if success}}\r\n            {{>components/amp/common/alert-success success}}\r\n        {{/if}}\r\n    {{/each}}\r\n\r\n    {{> components/amp/products/product-view-details}}\r\n    <section class=\"productView-images\" data-image-gallery>\r\n        <amp-carousel width=\"250\"\r\n            height=\"250\"\r\n            layout=\"responsive\"\r\n            autoplay\r\n            delay=\"5000\"\r\n            type=\"slides\">\r\n            {{#each product.images}}\r\n                <amp-img src=\"{{getImage this 'product_size' (cdn ../theme_settings.default_image_product)}}\"\r\n                    width=\"250\"\r\n                    height=\"250\"\r\n                    layout=\"responsive\"\r\n                    alt=\"{{this.alt}}\">\r\n                </amp-img>\r\n            {{/each}}\r\n        </amp-carousel>\r\n    </section>\r\n    <div class=\"productView-action\">\r\n        {{#or customer (if theme_settings.restrict_to_login '!==' true)}}\r\n            <amp-iframe height=\"400\" width=\"250\"\r\n                layout=\"responsive\"\r\n                sandbox=\"allow-forms allow-pointer-lock allow-popups allow-same-origin allow-scripts allow-top-navigation allow-modals\"\r\n                resizable\r\n                src=\"{{product.amp_options_url}}\">\r\n                <div class=\"button button--primary button--wide\" overflow tabindex=\"0\" role=\"button\">Choose Options</div>\r\n            </amp-iframe>\r\n        {{/or}}\r\n        {{#if product.out_of_stock}}\r\n            {{#if product.out_of_stock_message}}\r\n                {{>components/amp/common/alert-error product.out_of_stock_message}}\r\n            {{else}}\r\n                {{>components/amp/common/alert-error (lang 'products.sold_out')}}\r\n            {{/if}}\r\n        {{/if}}\r\n    </div>\r\n\r\n    <amp-accordion class=\"productAccordion-wrapper\">\r\n        {{#if product.description}}\r\n            <section expanded class=\"productAccordion\">\r\n                <h4 class=\"productAccordion-title\">Description</h4>\r\n                <div class=\"productAccordion-content\">\r\n                    {{{product.description}}}\r\n                </div>\r\n            </section>\r\n        {{/if}}\r\n        {{#if product.videos.list.length}}\r\n            {{> components/amp/products/videos product.videos}}\r\n        {{/if}}\r\n        {{#if settings.show_product_reviews}}\r\n            {{> components/amp/products/reviews reviews=product.reviews product=product urls=urls}}\r\n        {{/if}}\r\n        {{#if settings.add_this.buttons}}\r\n            <section expanded class=\"productAccordion\">\r\n                <h4 class=\"productAccordion-title\">Share</h4>\r\n                <div class=\"productAccordion-content social-share\">\r\n                    {{> components/amp/common/share }}\r\n                </div>\r\n            </section>\r\n        {{/if}}\r\n    </amp-accordion>\r\n</div>\r\n","layout/amp":"<!DOCTYPE html>\r\n<html amp class=\"no-js\" lang=\"{{ locale_name }}\">\r\n    <head>\r\n        <meta charset=\"utf-8\">\r\n        <script async src=\"https://cdn.ampproject.org/v0.js\"></script>\r\n        <meta name=\"viewport\" content=\"width=device-width, initial-scale=1, minimum-scale=1, maximum-scale=1\">\r\n        <style amp-boilerplate>body{-webkit-animation:-amp-start 8s steps(1,end) 0s 1 normal both;-moz-animation:-amp-start 8s steps(1,end) 0s 1 normal both;-ms-animation:-amp-start 8s steps(1,end) 0s 1 normal both;animation:-amp-start 8s steps(1,end) 0s 1 normal both}@-webkit-keyframes -amp-start{from{visibility:hidden}to{visibility:visible}}@-moz-keyframes -amp-start{from{visibility:hidden}to{visibility:visible}}@-ms-keyframes -amp-start{from{visibility:hidden}to{visibility:visible}}@-o-keyframes -amp-start{from{visibility:hidden}to{visibility:visible}}@keyframes -amp-start{from{visibility:hidden}to{visibility:visible}}</style><noscript><style amp-boilerplate>body{-webkit-animation:none;-moz-animation:none;-ms-animation:none;animation:none}</style></noscript>\r\n        <title>{{ head.title }}</title>\r\n        {{{ head.meta_tags }}}\r\n        {{{ head.config }}}\r\n        {{#block \"head\"}} {{/block}}\r\n        <link href=\"{{ head.favicon }}\" rel=\"shortcut icon\">\r\n        <link href=\"https://fonts.googleapis.com/css?family=Karla:400|Montserrat:400|Oswald:300\" rel=\"stylesheet\">\r\n        {{#block \"amp-style\"}} {{/block}}\r\n        {{{head.rsslinks}}}\r\n        {{inject 'themeSettings' theme_settings}}\r\n        {{inject 'genericError' (lang 'common.generic_error')}}\r\n        {{inject 'maintenanceMode' settings.maintenance}}\r\n        {{inject 'urls' urls}}\r\n        {{{snippet 'htmlhead'}}}\r\n        <script async custom-element=\"amp-form\" src=\"https://cdn.ampproject.org/v0/amp-form-0.1.js\"></script>\r\n        <script async custom-element=\"amp-sidebar\" src=\"https://cdn.ampproject.org/v0/amp-sidebar-0.1.js\"></script>\r\n        {{#if settings.amp_analytics_id}}\r\n            <script async custom-element=\"amp-analytics\" src=\"https://cdn.ampproject.org/v0/amp-analytics-0.1.js\"></script>\r\n        {{/if}}\r\n        {{#block \"amp-scripts\"}}{{/block}}\r\n    </head>\r\n    <body>\r\n        {{#block \"page\"}} {{/block}}\r\n    </body>\r\n</html>\r\n","components/amp/common/navigation-menu":"<nav class=\"navPages\">\r\n    <ul class=\"navPages-list\">\r\n        {{#each categories}}\r\n            <li class=\"navPages-item\">\r\n                {{> components/common/navigation-list}}\r\n            </li>\r\n        {{/each}}\r\n        {{#unless theme_settings.hide_content_navigation}}\r\n            {{#each pages}}\r\n                 <li class=\"navPages-item\">\r\n                     <a class=\"navPages-action\" href=\"{{url}}\">{{name}}</a>\r\n                 </li>\r\n             {{/each}}\r\n        {{/unless}}\r\n    </ul>\r\n    <ul class=\"navPages-list navPages-list--user\">\r\n        {{#if currency_selector.currencies.length '>' 1}}\r\n            <li class=\"navPages-item\">\r\n                <a class=\"navPages-action has-subMenu\" href=\"#\" data-collapsible=\"navPages-currency\" aria-controls=\"navPages-currency\" aria-expanded=\"false\">\r\n                    {{lang 'common.currency' code=currency_selector.active_currency_code}} <span class=\"icon navPages-action-moreIcon\" aria-hidden=\"true\"><svg><use xmlns:xlink=\"http://www.w3.org/1999/xlink\" xlink:href=\"#icon-chevron-down\"></use></svg></span>\r\n                </a>\r\n                <div class=\"navPage-subMenu\" id=\"navPages-currency\" aria-hidden=\"true\" tabindex=\"-1\">\r\n                    <ul class=\"navPage-subMenu-list\">\r\n                        {{#each currency_selector.currencies}}\r\n                        <li class=\"navPage-subMenu-item\">\r\n                            <a class=\"navPage-subMenu-action navPages-action\" href=\"{{{switch_url}}}\">\r\n                                {{#if is_active}}\r\n                                    <strong>{{name}}</strong>\r\n                                {{else}}\r\n                                    {{name}}\r\n                                {{/if}}\r\n                            </a>\r\n                        </li>\r\n                        {{/each}}\r\n                    </ul>\r\n                </div>\r\n            </li>\r\n        {{/if}}\r\n        <li class=\"navPages-item\">\r\n            <a class=\"navPages-action\" href=\"{{urls.gift_certificate.purchase}}\">{{lang 'common.gift_cert'}}</a>\r\n        </li>\r\n        {{#if customer.store_credit.value '>' 0}}\r\n            <li class=\"navPages-item\">\r\n                <a class=\"navPages-action navPages-action--storeCredit\">\r\n                    {{lang 'common.store_credit_overview' credit=customer.store_credit.formatted}}\r\n                </a>\r\n            </li>\r\n        {{/if}}\r\n        {{#if theme_settings.product_list_display_mode '==' 'list'}}\r\n            <li class=\"navPages-item\">\r\n                <a class=\"navPages-action navPages-action--compare\" href=\"{{urls.compare}}\" data-compare-nav>{{lang 'common.compare'}} <span class=\"countPill countPill--positive countPill--alt\"></span></a>\r\n            </li>\r\n        {{/if}}\r\n        {{#if customer}}\r\n            <li class=\"navPages-item\">\r\n                <a class=\"navPages-action has-subMenu\" href=\"{{urls.account.index}}\" data-collapsible=\"navPages-account\">\r\n                    {{lang 'common.account'}} <span class=\"icon navPages-action-moreIcon\" aria-hidden=\"true\"><svg><use xlink:href=\"#icon-chevron-down\" /></svg></span>\r\n                </a>\r\n                <div class=\"navPage-subMenu\" id=\"navPages-account\" aria-hidden=\"true\" tabindex=\"-1\">\r\n                    <ul class=\"navPage-subMenu-list\">\r\n                        <li class=\"navPage-subMenu-item\">\r\n                            <a class=\"navPage-subMenu-action navPages-action\" href=\"{{urls.account.orders.all}}\">{{lang 'account.nav.orders'}}</a>\r\n                        </li>\r\n                        {{#if settings.returns_enabled}}\r\n                            <li class=\"navPage-subMenu-item\">\r\n                                <a class=\"navPage-subMenu-action navPages-action\" href=\"{{urls.account.returns}}\">{{lang 'account.nav.returns'}}</a>\r\n                            </li>\r\n                        {{/if}}\r\n                        <li class=\"navPage-subMenu-item\">\r\n                            <a class=\"navPage-subMenu-action navPages-action\" href=\"{{urls.account.inbox}}\">{{lang 'account.mobile_nav.messages'}}</a>\r\n                        </li>\r\n                        <li class=\"navPage-subMenu-item\">\r\n                            <a class=\"navPage-subMenu-action navPages-action\" href=\"{{urls.account.addresses}}\">{{lang 'account.nav.addresses'}}</span></a>\r\n                        </li>\r\n                        <li class=\"navPage-subMenu-item\">\r\n                            <a class=\"navPage-subMenu-action navPages-action\" href=\"{{urls.account.wishlists.all}}\">{{lang 'account.mobile_nav.wishlists'}}</a>\r\n                        </li>\r\n                        <li class=\"navPage-subMenu-item\">\r\n                            <a class=\"navPage-subMenu-action navPages-action\" href=\"{{urls.account.recent_items}}\">{{lang 'account.nav.recently_viewed'}}</a>\r\n                        </li>\r\n                        <li class=\"navPage-subMenu-item\">\r\n                            <a class=\"navPage-subMenu-action navPages-action\" href=\"{{urls.account.details}}\">{{lang 'account.nav.settings'}}</a>\r\n                        </li>\r\n                    </ul>\r\n                </div>\r\n            </li>\r\n            <li class=\"navPages-item\">\r\n                <a class=\"navPages-action\" href=\"{{urls.auth.logout}}\">{{lang 'common.logout'}}</a>\r\n            </li>\r\n        {{else}}\r\n            <li class=\"navPages-item\">\r\n                <a class=\"navPages-action\" href=\"{{urls.auth.login}}\">{{lang 'common.login'}}</a> {{lang 'common.or'}} <a class=\"navPages-action\" href=\"{{urls.auth.create_account}}\">{{lang 'common.sign_up'}}</a>\r\n            </li>\r\n        {{/if}}\r\n    </ul>\r\n</nav>\r\n","components/amp/css/footer":".amp-footer {\r\n    color: #989898;\r\n    text-align: center;\r\n    border-top: 1px solid #e8e8e8\r\n}\r\n\r\n.amp-footer a {\r\n    color: #989898;\r\n    text-decoration: none\r\n}\r\n.amp-footer a:hover {\r\n    color: #4f4f4f\r\n}\r\n\r\n.amp-footer-heading {\r\n    text-transform: capitalize;\r\n}\r\n\r\n.amp-footer-list {\r\n    margin: 0;\r\n    list-style-type: none;\r\n}\r\n\r\n.amp-footer-list li {\r\n    padding: 3px 0;\r\n}\r\n","components/amp/common/store-logo":"<a href=\"{{urls.home}}\" class=\"amp-header-link\">\r\n    {{#if settings.store_logo.image}}\r\n        <amp-img src=\"{{getImage settings.store_logo.image 'logo_size'}}\"\r\n            {{#if theme_settings.logo_size '===' 'original' }}\r\n                width=\"100\"\r\n                height=\"50\"\r\n            {{else}}\r\n                width=\"{{first (split theme_settings.logo_size 'x')}}\"\r\n                height=\"{{last (split theme_settings.logo_size 'x')}}\"\r\n                layout=\"responsive\"\r\n                sizes=\"(min-height: {{last (split theme_settings.logo_size 'x')}}%)\"\r\n            {{/if}}\r\n            alt=\"{{settings.store_logo.title}}\">\r\n        </amp-img>\r\n    {{else}}\r\n        <span class=\"amp-header-logo-text\">{{settings.store_logo.title}}</span>\r\n    {{/if}}\r\n</a>\r\n","components/amp/css/base":"*,\r\n*:after,\r\n*:before {\r\n    box-sizing: border-box;\r\n}\r\nhtml {\r\n    font-size: 14px\r\n}\r\nhtml,\r\nbody {\r\n    height: auto\r\n}\r\n\r\nbody {\r\n    font-size: 1rem;\r\n    font-family: \"Karla\", Arial, Helvetica, sans-serif;\r\n    font-weight: 400;\r\n    line-height: 1.5;\r\n    color: #4f4f4f;\r\n    padding-top: 55px;\r\n    -webkit-font-smoothing: antialiased;\r\n    -moz-osx-font-smoothing: grayscale;\r\n}\r\nul {\r\n    margin: 0;\r\n    padding: 0;\r\n}\r\nli {\r\n    padding: 0;\r\n    margin: 0;\r\n}\r\na {\r\n    color: #4f4f4f;\r\n    line-height: inherit;\r\n    text-decoration: none;\r\n}\r\na:hover,\r\na:focus {\r\n    color: #a5a5a5\r\n}\r\np {\r\n    margin-bottom: 1.5rem\r\n}\r\n\r\nh1,\r\nh2,\r\nh3,\r\nh4,\r\nh5,\r\nh6 {\r\n    color: #2d2d2d;\r\n    font-family: \"Montserrat\", Arial, Helvetica, sans-serif;\r\n    font-weight: 400;\r\n    letter-spacing: .25px;\r\n    margin-bottom: .78571rem;\r\n    margin-top: 2.28571rem\r\n}\r\nh1 small,\r\nh2 small,\r\nh3 small,\r\nh4 small,\r\nh5 small,\r\nh6 small {\r\n    color: #989898;\r\n    font-size: 60%;\r\n    line-height: 0\r\n}\r\nh1 {\r\n    font-size: 28px\r\n}\r\nh2 {\r\n    font-size: 25px\r\n}\r\nh3 {\r\n    font-size: 22px\r\n}\r\nh4 {\r\n    font-size: 20px\r\n}\r\nh5 {\r\n    font-size: 15px\r\n}\r\nh6 {\r\n    font-size: 13px;\r\n    text-transform: uppercase\r\n}\r\n\r\nhr {\r\n    border: solid #e8e8e8;\r\n    border-width: 1px 0 0;\r\n    clear: both;\r\n    height: 0;\r\n    margin: 2rem 0 1.92857rem\r\n}\r\nem,\r\ni {\r\n    font-style: italic;\r\n    line-height: inherit\r\n}\r\nstrong,\r\nb {\r\n    font-weight: 700;\r\n    line-height: inherit\r\n}\r\nsmall {\r\n    font-size: 60%;\r\n    line-height: inherit\r\n}\r\nul,\r\nol,\r\ndl {\r\n    list-style-position: outside;\r\n    margin-bottom: 1.5rem\r\n}\r\nul ul,\r\nul ol,\r\nol ul,\r\nol ol {\r\n    margin-left: 1.2rem;\r\n    margin-bottom: 0\r\n}\r\nul {\r\n    margin-left: 1.15rem\r\n}\r\nol {\r\n    margin-left: 1.15rem\r\n}\r\ndl dt {\r\n    font-weight: 700;\r\n}\r\nabbr,\r\nacronym {\r\n    border-bottom: 1px dotted #dfdfdf;\r\n    color: #4f4f4f;\r\n    cursor: help;\r\n    font-size: 90%;\r\n    text-transform: uppercase\r\n}\r\nabbr {\r\n    text-transform: none\r\n}\r\nblockquote,\r\nblockquote p {\r\n    font-size: 22px;\r\n    line-height: 29px\r\n}\r\ncite {\r\n    color: #a5a5a5;\r\n    display: block;\r\n    font-size: 1rem;\r\n    line-height: 1.5;\r\n}\r\n.icon {\r\n    height: 1.14286rem;\r\n    width: 1.14286rem;\r\n    display: inline-block;\r\n    vertical-align: middle\r\n}\r\n.icon svg {\r\n    display: inline-block;\r\n    fill: #4f4f4f;\r\n    height: 100%;\r\n    vertical-align: top;\r\n    width: 100%\r\n}\r\n.is-srOnly,\r\n.modal {\r\n    display: none;\r\n}\r\n\r\n.body {\r\n    margin-bottom: 6rem;\r\n    margin-top: 1.5rem\r\n}\r\n\r\n.container {\r\n    margin-left: auto;\r\n    margin-right: auto;\r\n    max-width: 91.71429rem;\r\n    padding: 0 1.5rem;\r\n    position: relative;\r\n}\r\n\r\n.button {\r\n    border-radius: 0;\r\n    border-style: solid;\r\n    border-width: 1px;\r\n    cursor: pointer;\r\n    font-family: \"Montserrat\", Arial, Helvetica, sans-serif;\r\n    font-weight: 400;\r\n    line-height: normal;\r\n    margin: 0 0 1rem;\r\n    position: relative;\r\n    text-align: center;\r\n    text-decoration: none;\r\n    display: inline-block;\r\n    background-color: transparent;\r\n    border-color: #dfdfdf;\r\n    color: #454545;\r\n    font-size: 1rem;\r\n    padding: .85714rem 2.28571rem;\r\n    border-radius: 4px;\r\n    outline: none;\r\n    vertical-align: middle\r\n}\r\n.button:hover,\r\n.button:focus,\r\n.button.is-active,\r\n.button.active {\r\n    background-color: transparent;\r\n    border-color: #989898;\r\n    color: #666\r\n}\r\n.button:active {\r\n    background-color: transparent;\r\n    border: 1px solid #454545;\r\n    color: #454545\r\n}\r\n.button:focus,\r\n.button.is-active,\r\n.button.active {\r\n    outline: none\r\n}\r\n.button--primary {\r\n    background-color: #454545;\r\n    border-color: #454545;\r\n    color: #fff\r\n}\r\n.button--primary:hover,\r\n.button--primary:focus,\r\n.button--primary.is-active,\r\n.button--primary.active {\r\n    background-color: #666;\r\n    border-color: #666;\r\n    color: #fff\r\n}\r\n.button--primary:active {\r\n    background-color: #989898;\r\n    border: 1px solid #989898;\r\n    color: #fff\r\n}\r\n.button[disabled] {\r\n    background-color: #dadada;\r\n    border-color: #dadada;\r\n    color: #fff;\r\n    cursor: default\r\n}\r\n\r\n.button--wide {\r\n    display: block;\r\n    width: 100%\r\n}\r\n\r\n.button--icon {\r\n    font-size: 1rem;\r\n    padding: .78571rem\r\n}\r\n.button--icon svg {\r\n    fill: #4f4f4f\r\n}\r\n\r\n.icon--ratingEmpty svg {\r\n    fill: #dfdfdf;\r\n}\r\n\r\n.icon--ratingFull svg {\r\n    fill: #454545;\r\n}\r\n\r\n.price--rrp,\r\n.price--non-sale,\r\n.price--discounted {\r\n    text-decoration: line-through;\r\n}\r\n","components/amp/css/header":".amp-menu-button {\r\n    background-color: transparent;\r\n    background-image: url('data:image/svg+xml;utf8,<svg xmlns=\"http://www.w3.org/2000/svg\" viewBox=\"-3 -6 24 24\"><path fill=\"#4f4f4f\" d=\"M0 12h18v-2H0v2M0 7h18V5H0v2M0 0v2h18V0H0\"/></svg>');\r\n    background-repeat: no-repeat;\r\n    background-size: 2rem 1.8rem;\r\n    background-position: center center;\r\n    width: 3.92857rem;\r\n    height: 3.92857rem;\r\n    cursor: pointer;\r\n    align-self: center;\r\n    font-size: 0;\r\n    border: 0;\r\n    flex-shrink: 0;\r\n}\r\n\r\n.amp-header {\r\n    background-color: #fff;\r\n    border-bottom: 1px solid #e8e8e8;\r\n    position: fixed;\r\n    top: 0;\r\n    width: 100%;\r\n    height: 55px;\r\n    z-index: 20;\r\n    display: flex;\r\n    align-items: center;\r\n}\r\n\r\n.amp-header-link {\r\n    display: inline-block;\r\n    text-decoration: none;\r\n}\r\n\r\n.amp-header-logo {\r\n    flex-grow: 1;\r\n    padding-right: 3.92857rem;\r\n    text-align: center;\r\n}\r\n\r\n.amp-empty-space {\r\n    width: 3.92857rem;\r\n}\r\n\r\n.amp-header-logo-text {\r\n    display: block;\r\n    font-family: \"Oswald\", Arial, Helvetica, sans-serif;\r\n    font-size: 20px;\r\n    font-weight: 300;\r\n    letter-spacing: .35714rem;\r\n    margin-left: auto;\r\n    margin-right: auto;\r\n    overflow: hidden;\r\n    padding: .21429rem 0;\r\n    text-overflow: ellipsis;\r\n    text-transform: uppercase;\r\n    white-space: nowrap\r\n}\r\n\r\n.banners {\r\n    background-color: #4f4f4f;\r\n    color: #fff;\r\n    padding: .78571rem 0;\r\n    text-align: center\r\n}\r\n.banners p:last-child {\r\n    margin-bottom: 0\r\n}\r\n.banners a {\r\n    color: #fff\r\n}\r\n.banner {\r\n    margin: 0 auto;\r\n    max-width: 85.71429rem;\r\n    width: 100%\r\n}\r\n.banner:before,\r\n.banner:after {\r\n    content: \" \";\r\n    display: table\r\n}\r\n.banner:after {\r\n    clear: both\r\n}\r\n.banner + .banner {\r\n    margin-top: 1.5rem\r\n}\r\n\r\n\r\n.form-fieldset {\r\n    border-width: 0;\r\n    margin: 0;\r\n    padding: 0\r\n}\r\n\r\n\r\n.form-input {\r\n    appearance: none;\r\n    background-color: #fff;\r\n    border-color: #dfdfdf;\r\n    border-style: solid;\r\n    border-width: 1px;\r\n    border-radius: 4px;\r\n    color: #454545;\r\n    display: block;\r\n    font-family: inherit;\r\n    font-size: 1rem;\r\n    font-smoothing: antialiased;\r\n    height: 3rem;\r\n    margin: 0;\r\n    padding: .75rem 1rem;\r\n    transition: border-color 100ms ease-out;\r\n}\r\n.form-input:disabled {\r\n    background-color: #fff;\r\n    color: #a5a5a5;\r\n    cursor: not-allowed\r\n}\r\n.form-input[readonly] {\r\n    background-color: #f8f8f8;\r\n    border-color: #454545;\r\n    color: #989898;\r\n    cursor: text\r\n}\r\n.form-input:focus {\r\n    border-color: #989898;\r\n    outline: none\r\n}\r\n\r\n.navPages {\r\n    background-color: #f2f2f2;\r\n    height: 100%;\r\n    overflow-y: auto;\r\n    padding: 1.5rem\r\n}\r\n\r\n.navPages-list {\r\n    margin: .78571rem 0 0;\r\n    padding: 0;\r\n    list-style: none;\r\n}\r\n.navPages-list + .navPages-list {\r\n    border-top: 1px solid #dfdfdf;\r\n    padding-top: .78571rem\r\n}\r\n.navPages-action {\r\n    display: block;\r\n    font-size: 15px;\r\n    font-weight: 700;\r\n    padding: .78571rem 0;\r\n    text-decoration: none;\r\n    text-transform: uppercase\r\n}\r\n","components/amp/css/product":".productView {\r\n    margin-left: auto;\r\n    margin-right: auto;\r\n    max-width: 91.71429rem;\r\n    padding: 1rem 1.5rem;\r\n    margin-top: 1.5rem;\r\n}\r\n\r\n.productView-images {\r\n    padding: 2rem 0;\r\n}\r\n\r\n.productView-action {\r\n    margin-bottom: 2rem;\r\n}\r\n\r\n.productAccordion-title {\r\n    background-color: transparent;\r\n    border-right: 0;\r\n    border-left: 0;\r\n    padding: .75rem 0;\r\n    text-align: center;\r\n    margin-bottom: -1px;\r\n    font-size: 1rem;\r\n}\r\n.productAccordion-content {\r\n    padding: 1rem 0;\r\n}\r\n\r\n.socialLinks {\r\n    margin: 1rem 0 0;\r\n    padding: 0;\r\n    text-align: center;\r\n}\r\n\r\n.socialLinks-item {\r\n    margin: 0;\r\n    padding: 0;\r\n    display: inline-block;\r\n    font-size: 0;\r\n    margin-bottom: .35714rem;\r\n    margin-right: .78571rem\r\n}\r\n.socialLinks-item:last-child {\r\n    margin-right: 0\r\n}\r\n\r\n\r\n.writeReview-productDetails .product-brand {\r\n    color: #a5a5a5;\r\n    margin: 0\r\n}\r\n.writeReview-productDetails .product-title {\r\n    margin-top: 0\r\n}\r\n.account--addReturn .table {\r\n    display: block;\r\n    margin-bottom: 3rem\r\n}\r\n.quickView:before,\r\n.quickView:after {\r\n    content: \" \";\r\n    display: table\r\n}\r\n.quickView:after {\r\n    clear: both\r\n}\r\n.productReviews-list {\r\n    list-style: none;\r\n    margin: 0 -.75rem;\r\n    max-width: none;\r\n    width: auto;\r\n    font-size: 0\r\n}\r\n.productReviews-list ul,\r\n.productReviews-list ol {\r\n    list-style: none;\r\n    margin-bottom: 0\r\n}\r\n.productReviews-list:before,\r\n.productReviews-list:after {\r\n    content: \" \";\r\n    display: table\r\n}\r\n.productReviews-list:after {\r\n    clear: both\r\n}\r\n.productReview {\r\n    padding-left: .75rem;\r\n    padding-right: .75rem;\r\n    width: 100%;\r\n    float: left;\r\n    display: inline-block;\r\n    float: none;\r\n    font-size: 1rem;\r\n    vertical-align: top\r\n}\r\n.productReview-title {\r\n    margin: .5rem 0;\r\n    text-transform: none\r\n}\r\n.productReview-author {\r\n    color: #989898;\r\n    margin: .5rem 0 1rem\r\n}\r\n.productReview-rating {\r\n    display: inline-block;\r\n    margin-bottom: .35714rem\r\n}\r\n.productReview-ratingNumber {\r\n    border: 0;\r\n    clip: rect(1px, 1px, 1px, 1px);\r\n    height: 1px;\r\n    overflow: hidden;\r\n    padding: 0;\r\n    position: absolute;\r\n    width: 1px\r\n}\r\n.productView-details {\r\n    margin-bottom: 1rem\r\n}\r\n.productView-product >:last-child {\r\n    margin-bottom: 0\r\n}\r\n.productView-title {\r\n    font-size: 20px;\r\n    margin: -.78571rem 0 .35714rem\r\n}\r\n.productView-brand {\r\n    color: #989898;\r\n    font-size: 15px;\r\n    margin: 0 0 .78571rem\r\n}\r\n.productView-brand a {\r\n    color: #989898\r\n}\r\n.productView-brand a:hover {\r\n    color: #4f4f4f\r\n}\r\n.productView-price {\r\n    font-size: 15px;\r\n    margin-bottom: .5rem\r\n}\r\n.productView-price .price-section--saving {\r\n    font-size: 15px\r\n}\r\n.productView-price abbr {\r\n    border: 0;\r\n    color: inherit;\r\n    font-size: inherit\r\n}\r\n.productView-info {\r\n    margin-top: .78571rem\r\n}\r\n.productView-info >:last-child {\r\n    margin-bottom: 0\r\n}\r\n.productView-info-name,\r\n.productView-info-value {\r\n    display: inline;\r\n    margin: 0;\r\n}\r\n.productView-info-name {\r\n    margin-right: 5px;\r\n}\r\n.productView-info-value::after {\r\n    content: \"\\A\";\r\n    white-space: pre;\r\n}\r\n\r\n.alertBox {\r\n    margin-bottom: .78571rem;\r\n    padding: .78571rem 1.14286rem;\r\n    background-color: #e8e8e8;\r\n    border-radius: 4px\r\n}\r\n\r\n.alertBox .icon {\r\n    height:1.42857rem;\r\n    width:1.42857rem\r\n}\r\n\r\n.alertBox--success {\r\n    background-color:#d5ffd8;\r\n    border-color:#d5ffd8;\r\n}\r\n\r\n.alertBox--success svg {\r\n    fill:#69d66f\r\n}\r\n\r\n.alertBox--error{\r\n    background-color:#fdd;\r\n    border-color:#fdd\r\n}\r\n\r\n.alertBox--error svg {\r\n    fill:#ff7d7d\r\n}\r\n\r\n.alertBox-column{\r\n    display:table-cell;\r\n    vertical-align:middle\r\n}\r\n\r\n.alertBox-icon{\r\n    text-align: center;\r\n    padding-right: 1.14286rem\r\n}\r\n\r\n.alertBox-message {\r\n    margin: 0;\r\n    width: 100%\r\n}\r\n","components/amp/common/alert-success":"<div class=\"alertBox alertBox--success\">\r\n    <div class=\"alertBox-column alertBox-icon\">\r\n        <span class=\"icon\" aria-hidden=\"true\"><svg xmlns=\"http://www.w3.org/2000/svg\" width=\"24\" height=\"24\" viewBox=\"0 0 24 24\"><path d=\"M12 2C6.48 2 2 6.48 2 12s4.48 10 10 10 10-4.48 10-10S17.52 2 12 2zm1 15h-2v-2h2v2zm0-4h-2V7h2v6z\"></path></svg></span>\r\n    </div>\r\n    <p class=\"alertBox-column alertBox-message\">\r\n        <span>{{{this}}}</span>\r\n    </p>\r\n</div>\r\n","components/amp/common/alert-error":"<div class=\"alertBox alertBox--error\">\r\n    <div class=\"alertBox-column alertBox-icon\">\r\n        <span class=\"icon\" aria-hidden=\"true\"><svg xmlns=\"http://www.w3.org/2000/svg\" width=\"24\" height=\"24\" viewBox=\"0 0 24 24\"><path d=\"M12 2C6.48 2 2 6.48 2 12s4.48 10 10 10 10-4.48 10-10S17.52 2 12 2zm1 15h-2v-2h2v2zm0-4h-2V7h2v6z\"></path></svg></span>\r\n    </div>\r\n    <p class=\"alertBox-column alertBox-message\">\r\n        <span>{{{this}}}</span>\r\n    </p>\r\n</div>\r\n","components/amp/products/product-view-details":"<section class=\"productView-details\">\r\n    <div class=\"productView-product\">\r\n        <h1 class=\"productView-title\" {{#if schema}}itemprop=\"name\"{{/if}}>{{product.title}}</h1>\r\n        {{#if product.brand }}\r\n        <h2 class=\"productView-brand\"{{#if schema}} itemprop=\"brand\" itemscope itemtype=\"http://schema.org/Brand\"{{/if}}>\r\n            <a href=\"{{product.brand.url}}\"{{#if schema}} itemprop=\"url\"{{/if}}><span{{#if schema}} itemprop=\"name\"{{/if}}>{{product.brand.name}}</span></a>\r\n        </h2>\r\n        {{/if}}\r\n        {{#if product.call_for_price}}\r\n            <p class=\"productView-price\">\r\n                <span>{{product.call_for_price}}</span>\r\n            </p>\r\n        {{/if}}\r\n        {{#if product.price}}\r\n            <div class=\"productView-price\">\r\n                {{> components/products/price price=product.price schema_org=schema}}\r\n            </div>\r\n        {{/if}}\r\n        {{product.detail_messages}}\r\n        {{#if settings.show_product_rating}}\r\n            {{> components/amp/products/ratings rating=product.rating}}\r\n        {{/if}}\r\n        <dl class=\"productView-info\">\r\n            {{#if product.sku}}\r\n                <dt class=\"productView-info-name\">{{lang 'products.sku'}}</dt>\r\n                <dd class=\"productView-info-value\" data-product-sku>{{product.sku}}</dd>\r\n            {{/if}}\r\n            {{#if product.upc}}\r\n                <dt class=\"productView-info-name\">{{lang 'products.upc'}}</dt>\r\n                <dd class=\"productView-info-value\" data-product-upc>{{product.upc}}</dd>\r\n            {{/if}}\r\n            {{#if product.condition}}\r\n                <dt class=\"productView-info-name\">{{lang 'products.condition'}}</dt>\r\n                <dd class=\"productView-info-value\">{{product.condition}}</dd>\r\n            {{/if}}\r\n            {{#if product.availability}}\r\n                <dt class=\"productView-info-name\">{{lang 'products.availability'}}</dt>\r\n                <dd class=\"productView-info-value\">{{product.availability}}</dd>\r\n            {{/if}}\r\n            {{#if product.weight}}\r\n                <dt class=\"productView-info-name\">{{lang 'products.weight'}}</dt>\r\n                <dd class=\"productView-info-value\" data-product-weight>{{product.weight}}</dd>\r\n            {{/if}}\r\n            {{#if product.min_purchase_quantity}}\r\n                <dt class=\"productView-info-name\">{{lang 'products.min_purchase_quantity'}}</dt>\r\n                <dd class=\"productView-info-value\">{{lang 'products.purchase_units' quantity=product.min_purchase_quantity}}</dd>\r\n            {{/if}}\r\n            {{#if product.max_purchase_quantity}}\r\n                <dt class=\"productView-info-name\">{{lang 'products.max_purchase_quantity'}}</dt>\r\n                <dd class=\"productView-info-value\">{{lang 'products.purchase_units' quantity=product.max_purchase_quantity}}</dd>\r\n            {{/if}}\r\n            {{#if product.gift_wrapping_available}}\r\n                <dt class=\"productView-info-name\">{{lang 'products.gift_wrapping'}}</dt>\r\n                <dd class=\"productView-info-value\">{{lang 'products.gift_wrapping_available'}}</dd>\r\n            {{/if}}\r\n            {{#if product.shipping}}\r\n                {{#if product.shipping.calculated}}\r\n                    <dt class=\"productView-info-name\">{{lang 'products.shipping'}}</dt>\r\n                    <dd class=\"productView-info-value\">{{lang 'products.shipping_calculated'}}</dd>\r\n                {{else}}\r\n                    {{#if product.shipping.price.value '===' 0}}\r\n                        <dt class=\"productView-info-name\">{{lang 'products.shipping'}}</dt>\r\n                        <dd class=\"productView-info-value\">{{lang 'products.shipping_free'}}</dd>\r\n                    {{else}}\r\n                        <dt class=\"productView-info-name\">{{lang 'products.shipping'}}</dt>\r\n                        <dd class=\"productView-info-value\">{{lang 'products.shipping_fixed' amount=product.shipping.price.formatted}}</dd>\r\n                    {{/if}}\r\n                {{/if}}\r\n            {{/if}}\r\n            {{#if product.bulk_discount_rates.length}}\r\n                <dt class=\"productView-info-name\">{{lang 'products.bulk_pricing.title'}}</dt>\r\n                <dd class=\"productView-info-value\">\r\n                    <a href=\"{{product.url}}\"\r\n                        {{#unless is_ajax }}data-reveal-id=\"bulkPricingModal\" {{/unless}}>\r\n                        {{lang 'products.bulk_pricing.view'}}\r\n                    </a>\r\n                </dd>\r\n\r\n                <div id=\"bulkPricingModal\" class=\"modal modal--small\" data-reveal>\r\n                    <div class=\"modal-header\">\r\n                        <h2 class=\"modal-header-title\">{{lang 'products.bulk_pricing.modal_title'}}</h2>\r\n                        <a href=\"#\" class=\"modal-close\" aria-label=\"Close\"><span aria-hidden=\"true\">&#215;</span></a>\r\n                    </div>\r\n                    <div class=\"modal-body\">\r\n                        <p>{{lang 'products.bulk_pricing.instructions'}}</p>\r\n                        <ul>\r\n                        {{#each product.bulk_discount_rates}}\r\n                            <li>\r\n                                {{lang 'products.bulk_pricing.range' min=min max=max}}\r\n                                {{#if type '===' 'percent'}}\r\n                                    {{lang 'products.bulk_pricing.percent' discount=discount.formatted}}\r\n                                {{/if}}\r\n                                {{#if type '===' 'fixed'}}\r\n                                    {{lang 'products.bulk_pricing.fixed' discount=discount.formatted}}\r\n                                {{/if}}\r\n                                {{#if type '===' 'price'}}\r\n                                    {{lang 'products.bulk_pricing.price' discount=discount.formatted}}\r\n                                {{/if}}\r\n                            </li>\r\n                        {{/each}}\r\n                        </ul>\r\n                    </div>\r\n                </div>\r\n            {{/if}}\r\n\r\n            {{#each product.custom_fields}}\r\n                <dt class=\"productView-info-name\">{{name}}:</dt>\r\n                <dd class=\"productView-info-value\">{{{value}}}</dd>\r\n            {{/each}}\r\n        </dl>\r\n    </div>\r\n</section>\r\n","components/amp/common/share":"{{#if settings.add_this.buttons}}\r\n    <ul class=\"socialLinks\" data-addthis:url=\"{{url}}\" data-addthis:title=\"{{title}}\">\r\n        {{#each settings.add_this.buttons}}\r\n            {{#all (if service '!==' 'google') (if service '!==' 'print') (if service '!==' 'facebook')}}\r\n                <li class=\"socialLinks-item socialLinks-item--{{service}}\">\r\n                  {{#if service '===' 'google_plusone'}}\r\n                        <amp-social-share class=\"amp-social-share\" data-vars-product-link=\"{{url}}\" data-vars-product-id=\"{{id}}\" data-vars-product-name=\"{{name}}\" data-vars-social-type=\"gplus\" type=\"gplus\"></amp-social-share>\r\n                    {{else}}\r\n                        <amp-social-share class=\"amp-social-share\" data-vars-product-link=\"{{url}}\" data-vars-product-id=\"{{id}}\" data-vars-product-name=\"{{name}}\" data-vars-social-type=\"{{service}}\" type=\"{{service}}\"></amp-social-share>\r\n                  {{/if}}\r\n                </li>\r\n            {{/all}}\r\n        {{/each}}\r\n    </ul>\r\n{{/if}}\r\n","components/amp/products/reviews":"{{#if reviews.total}}\r\n    <section expanded class=\"productAccordion\">\r\n        <h4 class=\"productAccordion-title\">\r\n            {{lang 'products.reviews.header' total=reviews.total}}\r\n        </h4>\r\n        <div class=\"productAccordion-content\">\r\n            <ul class=\"productReviews-list\" id=\"productReviews-list\">\r\n                {{#each reviews.list}}\r\n                <li class=\"productReview\">\r\n                    <article itemprop=\"review\" itemscope itemtype=\"http://schema.org/Review\">\r\n                        <header>\r\n                            <span class=\"productReview-rating rating--small\" itemprop=\"reviewRating\" itemscope itemtype=\"http://schema.org/Rating\">\r\n                                {{> components/amp/products/ratings rating=rating}}\r\n                                <span class=\"productReview-ratingNumber\" itemprop=\"ratingValue\">{{ rating }}</span>\r\n                            </span>\r\n                            <h5 itemprop=\"name\" class=\"productReview-title\">{{ title }}</h5>\r\n                            {{#if name}}\r\n                                <meta itemprop=\"author\" content=\"{{name}}\">\r\n                                <p class=\"productReview-author\">\r\n                                    {{lang 'products.reviews.post_on_by' date=date name=name }}\r\n                                </p>\r\n                            {{else}}\r\n                                <p class=\"productReview-author\">\r\n                                    {{lang 'products.reviews.post_on_by' date=date name=(lang 'products.reviews.anonymous_poster')}}\r\n                                </p>\r\n                            {{/if}}\r\n                        </header>\r\n                        <p itemprop=\"reviewBody\" class=\"productReview-body\">{{nl2br text}}</p>\r\n                    </article>\r\n                </li>\r\n                {{/each}}\r\n            </ul>\r\n            {{> components/common/paginator pagination.reviews}}\r\n        </div>\r\n    </section>\r\n{{/if}}\r\n","components/amp/products/videos":"<section expanded class=\"productAccordion\" data-video-gallery>\r\n    <h4 class=\"productAccordion-title\">\r\n        {{lang 'products.videos.header'}}\r\n    </h4>\r\n    <div class=\"productAccordion-content\">\r\n        <amp-carousel width=\"640\"\r\n            height=\"490\"\r\n            layout=\"responsive\"\r\n            type=\"slides\">\r\n            {{#each this.list}}\r\n                <div>\r\n                    <div>\r\n                        <amp-youtube\r\n                            data-videoid=\"{{id}}\"\r\n                            layout=\"responsive\"\r\n                            width=\"640\"\r\n                            height=\"390\">\r\n                        </amp-youtube>\r\n                    </div>\r\n                    <div class=\"video-body\">\r\n                        <h5 class=\"video-title\">{{title_long}}</h5>\r\n                        <p class=\"video-description\">{{description_short}}</p>\r\n                    </div>\r\n                </div>\r\n            {{/each}}\r\n        </amp-carousel>\r\n    </div>\r\n</section>\r\n","components/products/price":"{{!-- There are 2 code paths for generating the PDP pricing HTML determined by the following #and condition. \r\nIf a 'price_range' exists then we generate all HTML in price-range.html, otherwise it is defined here. Both code\r\npaths generate the same HTML structure with some differences in whether that element is displayed by default (css styling).\r\n\r\nIf you are making a change here or in price-range.html, you probably want to make that change in both files. --}}\r\n\r\n{{#and price.price_range (if theme_settings.price_ranges '==' true)}}\r\n    {{> components/products/price-range price=price schema_org=schema_org}}\r\n{{else}}\r\n    {{#if price.with_tax}}\r\n        <div class=\"price-section price-section--withTax rrp-price--withTax\" {{#unless price.rrp_with_tax}}style=\"display: none;\"{{/unless}}>\r\n            {{theme_settings.pdp-retail-price-label}}\r\n            <span data-product-rrp-with-tax class=\"price price--rrp\">\r\n                {{price.rrp_with_tax.formatted}}\r\n            </span>\r\n        </div>\r\n        <div class=\"price-section price-section--withTax non-sale-price--withTax\" {{#unless price.non_sale_price_with_tax}}style=\"display: none;\"{{/unless}}>\r\n            {{theme_settings.pdp-non-sale-price-label}}\r\n            <span data-product-non-sale-price-with-tax class=\"price price--non-sale\">\r\n                {{price.non_sale_price_with_tax.formatted}}\r\n            </span>\r\n        </div>\r\n        <div class=\"price-section price-section--withTax\" {{#if schema_org}}itemprop=\"offers\" itemscope itemtype=\"http://schema.org/Offer\"{{/if}}>\r\n            <span class=\"price-label\" {{#if price.non_sale_price_with_tax}}style=\"display: none;\"{{/if}}>\r\n                {{theme_settings.pdp-price-label}}\r\n            </span>\r\n            <span class=\"price-now-label\" {{#unless price.non_sale_price_with_tax}}style=\"display: none;\"{{/unless}}>\r\n                {{theme_settings.pdp-sale-price-label}}\r\n            </span>\r\n            <span data-product-price-with-tax class=\"price price--withTax\">{{price.with_tax.formatted}}</span>\r\n            {{#if schema_org}}\r\n                <meta itemprop=\"availability\" content=\"{{product.availability}}\">\r\n                <meta itemprop=\"itemCondition\" itemtype=\"http://schema.org/OfferItemCondition\" content=\"http://schema.org/{{product.condition}}Condition\">\r\n                <div itemprop=\"priceSpecification\" itemscope itemtype=\"http://schema.org/PriceSpecification\">\r\n                    <meta itemprop=\"price\" content=\"{{price.with_tax.value}}\">\r\n                    <meta itemprop=\"priceCurrency\" content=\"{{currency_selector.active_currency_code}}\">\r\n                    <meta itemprop=\"valueAddedTaxIncluded\" content=\"true\">\r\n                </div>\r\n            {{/if}}\r\n            {{#if price.without_tax}}\r\n                <abbr title=\"{{lang 'products.including_tax'}}\">{{lang 'products.price_with_tax' tax_label=price.tax_label}}</abbr>\r\n            {{/if}}\r\n        </div>\r\n    {{/if}}\r\n    {{#if price.without_tax}}\r\n        <div class=\"price-section price-section--withoutTax rrp-price--withoutTax{{#if price.with_tax}} price-section--minor{{/if}}\" {{#unless price.rrp_without_tax}}style=\"display: none;\"{{/unless}}>\r\n            {{theme_settings.pdp-retail-price-label}}\r\n            <span data-product-rrp-price-without-tax class=\"price price--rrp\"> \r\n                {{price.rrp_without_tax.formatted}}\r\n            </span>\r\n        </div>\r\n        <div class=\"price-section price-section--withoutTax non-sale-price--withoutTax{{#if price.with_tax}} price-section--minor{{/if}}\" {{#unless price.non_sale_price_without_tax}}style=\"display: none;\"{{/unless}}>\r\n            {{theme_settings.pdp-non-sale-price-label}}\r\n            <span data-product-non-sale-price-without-tax class=\"price price--non-sale\">\r\n                {{price.non_sale_price_without_tax.formatted}}\r\n            </span>\r\n        </div>\r\n        <div class=\"price-section price-section--withoutTax\" {{#if schema_org}}itemprop=\"offers\" itemscope itemtype=\"http://schema.org/Offer\"{{/if}}>\r\n            <span class=\"price-label\" {{#if price.non_sale_price_without_tax}}style=\"display: none;\"{{/if}}>\r\n                {{theme_settings.pdp-price-label}}\r\n            </span>\r\n            <span class=\"price-now-label\" {{#unless price.non_sale_price_without_tax}}style=\"display: none;\"{{/unless}}>\r\n                {{theme_settings.pdp-sale-price-label}}\r\n            </span>\r\n            <span data-product-price-without-tax class=\"price price--withoutTax{{#if price.with_tax}} price-section--minor{{/if}}\">{{price.without_tax.formatted}}</span>\r\n            {{#if schema_org}}\r\n                <meta itemprop=\"availability\" itemtype=\"http://schema.org/ItemAvailability\"\r\n                    content=\"http://schema.org/{{#if product.pre_order}}PreOrder{{else if product.out_of_stock}}OutOfStock{{else if product.can_purchase '===' false}}OutOfStock{{else}}InStock{{/if}}\">\r\n                <meta itemprop=\"itemCondition\" itemtype=\"http://schema.org/OfferItemCondition\" content=\"http://schema.org/{{product.condition}}Condition\">\r\n                <div itemprop=\"priceSpecification\" itemscope itemtype=\"http://schema.org/PriceSpecification\">\r\n                    <meta itemprop=\"price\" content=\"{{price.without_tax.value}}\">\r\n                    <meta itemprop=\"priceCurrency\" content=\"{{currency_selector.active_currency_code}}\">\r\n                    <meta itemprop=\"valueAddedTaxIncluded\" content=\"false\">\r\n                </div>\r\n            {{/if}}\r\n            {{#if price.with_tax}}\r\n                <abbr title=\"{{lang 'products.excluding_tax'}}\">{{lang 'products.price_without_tax' tax_label=price.tax_label}}</abbr>\r\n            {{/if}}\r\n        </div>\r\n    {{/if}}\r\n    {{#if page_type '===' 'product'}}\r\n         <div class=\"price-section price-section--saving price\" {{#unless price.saved}}style=\"display: none;\"{{/unless}}>\r\n                <span class=\"price\">{{lang 'products.you_save_opening_text'}}</span>\r\n                <span data-product-price-saved class=\"price price--saving\">\r\n                    {{price.saved.formatted}}\r\n                </span>\r\n                <span class=\"price\">{{lang 'products.you_save_closing_bracket'}}</span>\r\n         </div>\r\n    {{/if}}\r\n{{/and}}\r\n","components/common/navigation-list":"{{#if children}}\r\n<a class=\"navPages-action has-subMenu\" href=\"{{url}}\" data-collapsible=\"navPages-{{id}}\">\r\n    {{name}} <i class=\"icon navPages-action-moreIcon\" aria-hidden=\"true\"><svg><use xlink:href=\"#icon-chevron-down\" /></svg></i>\r\n</a>\r\n<div class=\"navPage-subMenu\" id=\"navPages-{{id}}\" aria-hidden=\"true\" tabindex=\"-1\">\r\n    <ul class=\"navPage-subMenu-list\">\r\n        <li class=\"navPage-subMenu-item\">\r\n            <a class=\"navPage-subMenu-action navPages-action\" href=\"{{url}}\">{{lang 'category.view_all.name' category=name}}</a>\r\n        </li>\r\n        {{#each children}}\r\n            <li class=\"navPage-subMenu-item\">\r\n                {{#if children}}\r\n                    <a\r\n                        class=\"navPage-subMenu-action navPages-action has-subMenu\"\r\n                        href=\"{{url}}\"\r\n                        data-collapsible=\"navPages-{{id}}\"\r\n                        data-collapsible-disabled-breakpoint=\"medium\"\r\n                        data-collapsible-disabled-state=\"open\"\r\n                        data-collapsible-enabled-state=\"closed\">\r\n                        {{name}} <i class=\"icon navPages-action-moreIcon\" aria-hidden=\"true\"><svg><use xlink:href=\"#icon-chevron-down\" /></svg></i>\r\n                    </a>\r\n                    <ul class=\"navPage-childList\" id=\"navPages-{{id}}\">\r\n                        {{#each children}}\r\n                        <li class=\"navPage-childList-item\">\r\n                            <a class=\"navPage-childList-action navPages-action\" href=\"{{url}}\">{{name}}</a>\r\n                        </li>\r\n                        {{/each}}\r\n                    </ul>\r\n                {{else}}\r\n                    <a class=\"navPage-subMenu-action navPages-action\" href=\"{{url}}\">{{name}}</a>\r\n                {{/if}}\r\n            </li>\r\n        {{/each}}\r\n    </ul>\r\n</div>\r\n{{else}}\r\n<a class=\"navPages-action\" href=\"{{url}}\">{{name}}</a>\r\n{{/if}}\r\n","components/common/paginator":"<div class=\"pagination\">\r\n    <ul class=\"pagination-list\">\r\n        {{#if previous}}\r\n            <li class=\"pagination-item pagination-item--previous\">\r\n                <a class=\"pagination-link\" href=\"{{previous}}\" {{#unless reload}}data-faceted-search-facet{{/unless}}>\r\n                    <i class=\"icon\" aria-hidden=\"true\">\r\n                        <svg>\r\n                            <use xmlns:xlink=\"http://www.w3.org/1999/xlink\" xlink:href=\"#icon-chevron-left\"></use>\r\n                        </svg>\r\n                    </i>\r\n                    {{lang 'common.previous'}}\r\n                </a>\r\n            </li>\r\n        {{/if}}\r\n        {{#each links}}\r\n            {{#if this.number '==' ../current}}\r\n                <li class=\"pagination-item pagination-item--current\">\r\n                    <a class=\"pagination-link\" href=\"{{this.url}}\" {{#unless reload}}data-faceted-search-facet{{/unless}}>{{this.number}}</a>\r\n                </li>\r\n            {{else}}\r\n                <li class=\"pagination-item\">\r\n                    <a class=\"pagination-link\" href=\"{{this.url}}\" {{#unless reload}}data-faceted-search-facet{{/unless}}>{{this.number}}</a>\r\n                </li>\r\n            {{/if}}\r\n        {{/each}}\r\n\r\n        {{#if next}}\r\n            <li class=\"pagination-item pagination-item--next\">\r\n                <a class=\"pagination-link\" href=\"{{next}}\" {{#unless reload}}data-faceted-search-facet{{/unless}}>\r\n                    {{lang 'common.next'}}\r\n                    <i class=\"icon\" aria-hidden=\"true\">\r\n                        <svg>\r\n                            <use xmlns:xlink=\"http://www.w3.org/1999/xlink\" xlink:href=\"#icon-chevron-right\"></use>\r\n                        </svg>\r\n                    </i>\r\n                </a>\r\n            </li>\r\n        {{/if}}\r\n    </ul>\r\n</div>\r\n","components/amp/products/ratings":"{{#for 1 5}}\r\n    {{#if ../this.rating '>=' $index}}\r\n        <span class=\"icon icon--ratingFull\">\r\n            <svg xmlns=\"http://www.w3.org/2000/svg\" width=\"26\" height=\"28\" viewBox=\"0 0 26 28\"><path d=\"M0 10.11q0-.58.875-.72L8.72 8.25l3.515-7.11Q12.532.5 13 .5t.767.64l3.516 7.11 7.844 1.14q.875.14.875.72 0 .343-.406.75l-5.672 5.53 1.344 7.812q.016.11.016.313 0 .328-.164.555t-.477.227q-.297 0-.625-.187l-7.016-3.687-7.016 3.687q-.344.187-.625.187-.327 0-.49-.227t-.165-.555q0-.094.03-.313L6.08 16.39.392 10.86q-.39-.423-.39-.75z\"/></svg>\r\n        </span>\r\n    {{else}}\r\n        <span class=\"icon icon--ratingEmpty\">\r\n            <svg xmlns=\"http://www.w3.org/2000/svg\" width=\"26\" height=\"28\" viewBox=\"0 0 26 28\"><path d=\"M0 10.11q0-.58.875-.72L8.72 8.25l3.515-7.11Q12.532.5 13 .5t.767.64l3.516 7.11 7.844 1.14q.875.14.875.72 0 .343-.406.75l-5.672 5.53 1.344 7.812q.016.11.016.313 0 .328-.164.555t-.477.227q-.297 0-.625-.187l-7.016-3.687-7.016 3.687q-.344.187-.625.187-.327 0-.49-.227t-.165-.555q0-.094.03-.313L6.08 16.39.392 10.86q-.39-.423-.39-.75z\"/></svg>\r\n        </span>\r\n    {{/if}}\r\n{{/for}}\r\n{{{snippet 'product_rating'}}}\r\n","components/products/price-range":"{{#and price.retail_price_range.min.with_tax price.retail_price_range.max.with_tax}}\r\n    <div class=\"price-section price-section--withTax rrp-price--withTax\">\r\n        {{theme_settings.pdp-retail-price-label}}\r\n        <span data-product-rrp-price-with-tax class=\"price price--rrp\">{{price.retail_price_range.min.with_tax.formatted}} - {{price.retail_price_range.max.with_tax.formatted}}</span>\r\n    </div>\r\n{{else}}\r\n    {{#if price.with_tax}}\r\n        <div class=\"price-section price-section--withTax rrp-price--withTax\" style=\"display: none;\">\r\n            {{theme_settings.pdp-retail-price-label}}\r\n            <span data-product-rrp-with-tax class=\"price price--rrp\">\r\n                {{price.rrp_with_tax.formatted}}\r\n            </span>\r\n        </div>\r\n    {{/if}}\r\n{{/and}}\r\n{{#and price.price_range.min.with_tax price.price_range.max.with_tax}}\r\n    {{!-- Never display the \"non-sales price\" if there is a price range to be shown, but we do want the element on the page --}}\r\n    <div class=\"price-section price-section--withTax non-sale-price--withTax\" style=\"display: none;\">\r\n        {{theme_settings.pdp-non-sale-price-label}}\r\n        <span data-product-non-sale-price-with-tax class=\"price price--non-sale\">\r\n            {{price.non_sale_price_with_tax.formatted}}\r\n        </span>\r\n    </div>\r\n    <div class=\"price-section price-section--withTax\" {{#if schema_org}}itemprop=\"offers\" itemscope itemtype=\"http://schema.org/Offer\"{{/if}}>\r\n        <span class=\"price-label\">{{theme_settings.pdp-price-label}}</span>\r\n        <span class=\"price-now-label\" style=\"display: none;\">{{theme_settings.pdp-sale-price-label}}</span>\r\n        <span data-product-price-with-tax class=\"price price--withTax\">{{price.price_range.min.with_tax.formatted}} - {{price.price_range.max.with_tax.formatted}}</span>\r\n        {{#and price.price_range.min.without_tax price.price_range.max.without_tax}}\r\n            <abbr title=\"{{lang 'products.including_tax'}}\">{{lang 'products.price_with_tax' tax_label=price.price_range.min.tax_label}}</abbr>\r\n        {{/and}}\r\n        {{#if schema_org}}\r\n            <meta itemprop=\"availability\" content=\"{{product.availability}}\">\r\n            <meta itemprop=\"itemCondition\" itemtype=\"http://schema.org/OfferItemCondition\" content=\"http://schema.org/{{product.condition}}Condition\">\r\n            <div itemprop=\"priceSpecification\" itemscope itemtype=\"http://schema.org/PriceSpecification\">\r\n                <meta itemprop=\"minPrice\" content=\"{{price_range.min.with_tax.value}}\"  />\r\n                <meta itemprop=\"price\" content=\"{{price_range.min.with_tax.value}}\">\r\n                <meta itemprop=\"maxPrice\" content=\"{{price_range.max.with_tax.value}}\"  />\r\n                <meta itemprop=\"priceCurrency\" content=\"{{currency_selector.active_currency_code}}\">\r\n                <meta itemprop=\"valueAddedTaxIncluded\" content=\"true\">\r\n            </div>\r\n        {{/if}}\r\n    </div>\r\n{{/and}}\r\n{{#and price.retail_price_range.min.without_tax price.retail_price_range.max.without_tax}}\r\n    <div class=\"price-section price-section--withoutTax rrp-price--withoutTax{{#if price.with_tax}} price-section--minor{{/if}}\">\r\n        {{theme_settings.pdp-retail-price-label}}\r\n        <span data-product-rrp-price-without-tax class=\"price price--rrp\">{{price.retail_price_range.min.without_tax.formatted}} - {{price.retail_price_range.max.without_tax.formatted}}</span>\r\n    </div>\r\n{{else}}\r\n    {{#if price.without_tax}}\r\n        <div class=\"price-section price-section--withoutTax rrp-price--withoutTax{{#if price.with_tax}} price-section--minor{{/if}}\" style=\"display: none;\">\r\n            {{theme_settings.pdp-retail-price-label}}\r\n            <span data-product-rrp-price-without-tax class=\"price price--rrp\">\r\n                {{price.rrp_without_tax.formatted}}\r\n            </span>\r\n        </div>\r\n    {{/if}}\r\n{{/and}}\r\n{{#and price.price_range.min.without_tax price.price_range.max.without_tax}}\r\n    {{!-- Never display the \"non-sales price\" if there is a price range to be shown, but we do want the element on the page --}}\r\n    <div class=\"price-section price-section--withoutTax non-sale-price--withoutTax{{#if price.with_tax}} price-section--minor{{/if}}\" style=\"display: none;\">\r\n        {{theme_settings.pdp-non-sale-price-label}}\r\n        <span data-product-non-sale-price-without-tax class=\"price price--non-sale\">\r\n            {{price.non_sale_price_without_tax.formatted}}\r\n        </span>\r\n    </div>\r\n    <div class=\"price-section price-section--withoutTax{{#and price_range.min.with_tax price_range.max.with_tax}} price-section--minor{{/and}}\" {{#if schema_org}}itemprop=\"offers\" itemscope itemtype=\"http://schema.org/Offer\"{{/if}}>\r\n        <span class=\"price-label\">{{theme_settings.pdp-price-label}}</span>\r\n        <span class=\"price-now-label\" style=\"display: none;\">{{theme_settings.pdp-sale-price-label}}</span>\r\n        <span data-product-price-without-tax class=\"price price--withoutTax\">{{price.price_range.min.without_tax.formatted}} - {{price.price_range.max.without_tax.formatted}}</span>\r\n        {{#and price.price_range.min.with_tax price.price_range.max.with_tax}}\r\n            <abbr title=\"{{lang 'products.excluding_tax'}}\">{{lang 'products.price_without_tax' tax_label=price.price_range.min.tax_label}}</abbr>\r\n        {{/and}}\r\n        {{#if schema_org}}\r\n            <meta itemprop=\"availability\" content=\"{{product.availability}}\">\r\n            <meta itemprop=\"itemCondition\" itemtype=\"http://schema.org/OfferItemCondition\" content=\"http://schema.org/{{product.condition}}Condition\">\r\n            <div itemprop=\"priceSpecification\" itemscope itemtype=\"http://schema.org/PriceSpecification\">\r\n                <meta itemprop=\"minPrice\" content=\"{{price.price_range.min.without_tax.value}}\"  />\r\n                <meta itemprop=\"price\" content=\"{{price.price_range.min.without_tax.value}}\">\r\n                <meta itemprop=\"maxPrice\" content=\"{{price.price_range.max.without_tax.value}}\"  />\r\n                <meta itemprop=\"priceCurrency\" content=\"{{currency_selector.active_currency_code}}\">\r\n                <meta itemprop=\"valueAddedTaxIncluded\" content=\"false\">\r\n            </div>\r\n        {{/if}}\r\n    </div>\r\n{{/and}}\r\n\r\n{{!-- Never display the \"saving price\" element by default if there is a price range on the page to be shown --}}\r\n{{#if page_type '===' 'product'}}\r\n     <div class=\"price-section price-section--saving price\" style=\"display: none;\">\r\n            <span class=\"price\">{{lang 'products.you_save_opening_text'}}</span>\r\n            <span data-product-price-saved class=\"price price--saving\">\r\n                {{price.saved.formatted}}\r\n            </span>\r\n            <span class=\"price\">{{lang 'products.you_save_closing_bracket'}}</span>\r\n     </div>\r\n{{/if}}\r\n"}