{"pages/home":"---\r\nproducts:\r\n    new:\r\n        limit: {{theme_settings.homepage_new_products_count}}\r\n    featured:\r\n        limit: {{theme_settings.homepage_featured_products_count}}\r\n    top_sellers:\r\n        limit: {{theme_settings.homepage_top_products_count}}\r\ncarousel: {{theme_settings.homepage_show_carousel}}\r\nblog:\r\n    recent_posts:\r\n        limit: {{theme_settings.homepage_blog_posts_count}}\r\n---\r\n{{#partial \"hero\"}}\r\n    {{#if carousel}}\r\n        {{> components/carousel}}\r\n    {{/if}}\r\n    {{{snippet 'home_content'}}}\r\n{{/partial}}\r\n\r\n{{#partial \"page\"}}\r\n\r\n    {{#each shipping_messages}}\r\n        {{> components/common/alert-info message}}\r\n    {{/each}}\r\n\r\n<div class=\"main full\">\r\n    {{#if products.featured}}\r\n        {{> components/products/featured products=products.featured columns=theme_settings.homepage_featured_products_column_count}}\r\n    {{/if}}\r\n\r\n    {{#if products.top_sellers}}\r\n        {{> components/products/top products=products.top_sellers columns=theme_settings.homepage_top_products_column_count}}\r\n    {{/if}}\r\n\r\n    {{#if products.new}}\r\n        {{> components/products/new products=products.new columns=theme_settings.homepage_new_products_column_count}}\r\n    {{/if}}\r\n</div>\r\n{{/partial}}\r\n{{> layout/base}}\r\n","components/carousel":"<section class=\"heroCarousel\"\r\n    data-slick='{\r\n        \"mobileFirst\": true,\r\n        \"slidesToShow\": 1,\r\n        \"slidesToScroll\": 1,\r\n        \"autoplay\": true,\r\n        \"autoplaySpeed\": {{carousel.swap_frequency}},\r\n        \"lazyLoad\": \"anticipated\"\r\n    }'>\r\n    {{#each carousel.slides}}\r\n    <a href=\"{{url}}\">\r\n        <div class=\"heroCarousel-slide {{#if ../theme_settings.homepage_stretch_carousel_images}}stretch{{/if}} {{#if @first}}heroCarousel-slide--first{{/if}}\">\r\n            <div class=\"heroCarousel-image-wrapper\" {{#if image_height}}{{#if image_width}}style=\"height: {{multiply (divide image_height image_width) 100}}vw\"{{/if}}{{/if}}>\r\n                <img class=\"heroCarousel-image\" data-lazy=\"{{image}}\" alt=\"{{alt_text}}\" title=\"{{alt_text}}\"\r\n                {{#if image_width}}width=\"{{image_width}}\"{{/if}} {{#if image_height}}height=\"{{image_height}}\"{{/if}} />\r\n            </div>\r\n            {{#if heading}}\r\n                {{> components/carousel-content show_background=true}}\r\n            {{else}}\r\n                {{#if text}}\r\n                    {{> components/carousel-content show_background=true}}\r\n                {{else}}\r\n                    {{#if button_text}}\r\n                        {{> components/carousel-content show_background=false}}\r\n                    {{/if}}\r\n                {{/if}}\r\n            {{/if}}\r\n        </div>\r\n    </a>\r\n    {{/each}}\r\n</section>\r\n","components/common/alert-info":"<div class=\"alertBox alertBox--info\">\r\n    <div class=\"alertBox-column alertBox-icon\">\r\n        <icon glyph=\"ic-success\" class=\"icon\" aria-hidden=\"true\"><svg xmlns=\"http://www.w3.org/2000/svg\" width=\"24\" height=\"24\" viewBox=\"0 0 24 24\"><path d=\"M12 2C6.48 2 2 6.48 2 12s4.48 10 10 10 10-4.48 10-10S17.52 2 12 2zm1 15h-2v-2h2v2zm0-4h-2V7h2v6z\"></path></svg></icon>\r\n    </div>\r\n    <p class=\"alertBox-column alertBox-message\">\r\n        <span>{{{this}}}</span>\r\n    </p>\r\n</div>\r\n","layout/base":"<!DOCTYPE html>\r\n<html class=\"no-js\" lang=\"{{ locale_name }}\">\r\n    <head>\r\n        <title>{{ head.title }}</title>\r\n        {{{ resourceHints }}}\r\n        {{{ head.meta_tags }}}\r\n        {{{ head.config }}}\r\n        {{#block \"head\"}} {{/block}}\r\n\r\n        <link href=\"{{ head.favicon }}\" rel=\"shortcut icon\">\r\n        <meta name=\"viewport\" content=\"width=device-width, initial-scale=1, maximum-scale=1\">\r\n\r\n        <script>\r\n            // Change document class from no-js to js so we can detect this in css\r\n            document.documentElement.className = document.documentElement.className.replace('no-js', 'js');\r\n        </script>\r\n\r\n        {{ getFontsCollection }}\r\n        {{{stylesheet '/assets/css/theme.css'}}}\r\n        <link rel='stylesheet' id='fonts-google-css'  href='https://fonts.googleapis.com/css?family=Poppins%3A100%2C100i%2C200%2C200i%2C300%2C300i%2C400%2C400i%2C500%2C500i%2C600%2C600i%2C700%2C700i%2C800%2C800i%2C900%2C900i&#038;ver=3.2' type='text/css' media='all' />\r\n\r\n        {{{head.scripts}}}\r\n        {{{head.rsslinks}}}\r\n\r\n        {{inject 'themeSettings' theme_settings}}\r\n        {{inject 'genericError' (lang 'common.generic_error')}}\r\n        {{inject 'maintenanceMode' settings.maintenance}}\r\n        {{inject 'urls' urls}}\r\n        {{{snippet 'htmlhead'}}}\r\n    </head>\r\n    <body>\r\n        {{{snippet 'header'}}}\r\n        <svg data-src=\"{{cdn 'img/icon-sprite.svg'}}\" class=\"icons-svg-sprite\"></svg>\r\n\r\n        {{#if settings.privacy_cookie}}\r\n            {{> components/common/cookie}}\r\n        {{/if}}\r\n\r\n        {{> components/common/header }}\r\n        {{> components/common/body }}\r\n        {{> components/common/footer }}\r\n\r\n        <script>window.__webpack_public_path__ = \"{{cdn 'assets/dist/'}}\";</script>\r\n        <script src=\"{{cdn 'assets/dist/theme-bundle.main.js'}}\"></script>\r\n\r\n        <script>\r\n            // Exported in app.js\r\n            window.stencilBootstrap(\"{{page_type}}\", {{jsContext}}).load();\r\n        </script>\r\n\r\n        {{{footer.scripts}}}\r\n        {{{snippet 'footer'}}}\r\n    </body>\r\n</html>\r\n","components/products/featured":"<h2 class=\"page-heading\">{{lang 'products.featured' }}</h2>\r\n\r\n<ul class=\"productGrid productGrid--maxCol{{ columns }}\" data-product-type=\"featured\">\r\n    {{#each products}}\r\n        <li class=\"product\">\r\n            {{>components/products/card theme_settings=../theme_settings customer=../customer}}\r\n        </li>\r\n    {{/each}}\r\n</ul>\r\n","components/products/new":"<h2 class=\"page-heading\">{{lang 'products.new' }}</h2>\r\n{{> components/products/carousel products=products}}\r\n","components/products/top":"<h2 class=\"page-heading\">{{lang 'products.top' }}</h2>\r\n\r\n<ul class=\"productGrid productGrid--maxCol{{ columns }}\" data-product-type=\"top_sellers\">\r\n    {{#each products}}\r\n        <li class=\"product\">\r\n            {{>components/products/card theme_settings=../theme_settings customer=../customer}}\r\n        </li>\r\n    {{/each}}\r\n</ul>\r\n\r\n","components/carousel-content":"<div class=\"heroCarousel-content{{#unless show_background}} heroCarousel-content--empty{{/unless}}\">\r\n    <h1 class=\"heroCarousel-title\">{{{heading}}}</h1>\r\n    <p class=\"heroCarousel-description\">{{{text}}}</p>\r\n    {{#if button_text}}\r\n        <span class=\"heroCarousel-action button button--primary button--large\">{{button_text}} <img src=\"{{cdn 'img/button-icon.png'}}\" alt=\"\"></span>\r\n    {{/if}}\r\n</div>\r\n","components/common/body":"<div class=\"body\">\r\n    {{#block \"hero\"}} {{/block}}\r\n    {{#if category.image}}\r\n        <!-- <img class=\"lazyload category-image\" data-sizes=\"auto\" src=\"{{cdn 'img/loading.svg'}}\" data-src=\"{{getImage category.image 'zoom_size'}}\"> -->\r\n\r\n        <section class=\"heroCarousel slick-initialized slick-slider slick-dotted\" data-slick=\"{\r\n            &quot;mobileFirst&quot;: true,\r\n            &quot;slidesToShow&quot;: 1,\r\n            &quot;slidesToScroll&quot;: 1,\r\n            &quot;autoplay&quot;: true,\r\n            &quot;autoplaySpeed&quot;: 5000,\r\n            &quot;lazyLoad&quot;: &quot;anticipated&quot;\r\n        }\">\r\n        <div class=\"heroCarousel-slide {{#if ../theme_settings.homepage_stretch_carousel_images}}stretch{{/if}} {{#if @first}}heroCarousel-slide--first{{/if}}\">\r\n            <div class=\"heroCarousel-image-wrapper\" {{#if image_height}}{{#if image_width}}style=\"height: {{multiply (divide image_height image_width) 100}}vw\"{{/if}}{{/if}}>\r\n                <img class=\"lazyload category-image heroCarousel-image\" data-sizes=\"auto\" src=\"{{cdn 'img/loading.svg'}}\" data-src=\"{{getImage category.image 'zoom_size'}}\">\r\n                {{#if image_width}}width=\"{{image_width}}\"{{/if}} {{#if image_height}}height=\"{{image_height}}\"{{/if}} />\r\n            </div>\r\n            <div class=\"heroCarousel-content\">\r\n                <h1 class=\"heroCarousel-title\">{{category.name}}</h1>\r\n                <div class=\"heroCarousel-description\">{{{category.description}}}</div>\r\n                    <!-- <span class=\"heroCarousel-action button button--primary button--large\">SHOP NOW <img src=\"/stencil/00000000-0000-0000-0000-000000000001//img/button-icon.png\" alt=\"\"></span> -->\r\n            </div>\r\n        </div>\r\n        \r\n    </section>\r\n    {{else}}\r\n    <h1 class=\"page-heading\">{{category.name}}</h1>\r\n    <div class=\"category-desc\">{{{category.description}}}</div>\r\n    {{/if}}\r\n    <div class=\"container\">\r\n        {{#block \"page\"}} {{/block}}\r\n    </div>\r\n    {{> components/common/modal}}\r\n</div>\r\n","components/common/header":"{{#if banners.top}}\r\n<div class=\"banners\" data-banner-location=\"top\">\r\n    <div class=\"banner\">\r\n        {{{limit banners.top 1}}}\r\n    </div>\r\n</div>\r\n{{else}}\r\n<div class=\"banners swirl\" data-banner-location=\"top\"></div>\r\n{{/if}}\r\n<header class=\"header\" role=\"banner\">\r\n    <a href=\"#\" class=\"mobileMenu-toggle\" data-mobile-menu-toggle=\"menu\">\r\n        <span class=\"mobileMenu-toggleIcon\">Toggle menu</span>\r\n    </a>\r\n    {{!> components/common/navigation}}\r\n\r\n    {{#if page_type '===' 'default'}}\r\n        <h1 class=\"header-logo header-logo--{{theme_settings.logo-position}}\">\r\n            {{> components/common/store-logo}}\r\n        </h1>\r\n    {{else}}\r\n        <div class=\"header-logo header-logo--{{theme_settings.logo-position}}\">\r\n            {{> components/common/store-logo}}\r\n        </div>\r\n    {{/if}}\r\n    {{> components/common/navigation}}\r\n    {{{region name=\"header_bottom\"}}}\r\n    <div class=\"navPages-container\" id=\"menu\" data-menu>\r\n        {{> components/common/navigation-menu}}\r\n    </div>\r\n</header>\r\n","components/common/cookie":"<div class=\"cookieMessage\">\r\n    <div class=\"cookieMessage-container\">\r\n        <div class=\"cookieMessage-text\">\r\n            <p>{{settings.privacy_cookie}}</p>\r\n        </div>\r\n        <button class=\"button button--primary button--small\" data-privacy-accept>{{lang 'cookies.accept'}}</button>\r\n    </div>\r\n</div>\r\n","components/common/footer":"{{#if banners.bottom}}\r\n<div class=\"banners\" data-banner-location=\"bottom\">\r\n    <div class=\"banner\">\r\n        {{{limit banners.bottom 1}}}\r\n    </div>\r\n</div>\r\n{{/if}}\r\n<footer class=\"footer\" role=\"contentinfo\">\r\n    <div class=\"container\">\r\n        {{#if theme_settings.social_icon_placement_bottom '!==' 'bottom_none'}}\r\n            <article class=\"footer-info-col\r\n                footer-info-col--social\r\n                footer-info-col--{{#if theme_settings.social_icon_placement_bottom '===' 'bottom_left'}}left{{else}}right{{/if}}\"\r\n                data-section-type=\"footer-webPages\">\r\n                    <h5 class=\"footer-info-heading\">{{lang 'social.connect'}}</h5>\r\n                    {{> components/common/social-links}}\r\n            </article>\r\n        {{/if}}\r\n        <section class=\"footer-info\">\r\n            <article class=\"footer-info-col footer-info-col--small\" data-section-type=\"footer-webPages\">\r\n                <h5 class=\"footer-info-heading\">{{lang 'footer.navigate'}}</h5>\r\n                <ul class=\"footer-info-list\">\r\n                    {{#each pages}}\r\n                        <li>\r\n                            <a href=\"{{url}}\">{{name}}</a>\r\n                        </li>\r\n                    {{/each}}\r\n                    <li>\r\n                        <a href=\"{{urls.sitemap}}\">{{lang 'sitemap.page_title'}}</a>\r\n                    </li>\r\n                </ul>\r\n            </article>\r\n\r\n            <article class=\"footer-info-col footer-info-col--small\" data-section-type=\"footer-categories\">\r\n                <h5 class=\"footer-info-heading\">{{lang 'footer.categories'}}</h5>\r\n                <ul class=\"footer-info-list\">\r\n                    {{#each categories}}\r\n                        <li>\r\n                            <a href=\"{{url}}\">{{name}}</a>\r\n                        </li>\r\n                    {{/each}}\r\n                </ul>\r\n            </article>\r\n\r\n            {{#and theme_settings.shop_by_brand_show_footer shop_by_brand.length}}\r\n            <article class=\"footer-info-col footer-info-col--small\" data-section-type=\"footer-brands\">\r\n                <h5 class=\"footer-info-heading\">{{lang 'footer.brands'}}</h5>\r\n                <ul class=\"footer-info-list\">\r\n                    {{#each shop_by_brand}}\r\n                        <li>\r\n                            <a href=\"{{url}}\">{{name}}</a>\r\n                        </li>\r\n                    {{/each}}\r\n                    <li><a href=\"{{urls.brands}}\">{{lang 'common.view_all'}}</a></li>\r\n                </ul>\r\n            </article>\r\n            {{/and}}\r\n\r\n            {{#if settings.address}}\r\n            <article class=\"footer-info-col footer-info-col--small\" data-section-type=\"storeInfo\">\r\n                <h5 class=\"footer-info-heading\">{{lang 'footer.info'}}</h5>\r\n                <address>{{nl2br settings.address}}</address>\r\n                {{#if settings.phone_number}}\r\n                    <strong>{{lang 'footer.call_us' phone_number=settings.phone_number}}</strong>\r\n                {{/if}}\r\n            </article>\r\n            {{/if}}\r\n\r\n            <article class=\"footer-info-col\" data-section-type=\"newsletterSubscription\">\r\n                {{#if settings.show_newsletter_box}}\r\n                    {{> components/common/subscription-form}}\r\n                {{/if}}\r\n                {{> components/common/payment-icons}}\r\n            </article>\r\n        </section>\r\n        {{#if theme_settings.geotrust_ssl_common_name}}\r\n            <div class=\"footer-geotrust-ssl-seal\">\r\n                {{> components/common/geotrust-ssl-seal}}\r\n            </div>\r\n        {{/if}}\r\n        {{#if theme_settings.show_powered_by}}\r\n            <div class=\"footer-copyright\">\r\n                <p class=\"powered-by\">Powered by <a href=\"https://www.bigcommerce.com?utm_source=merchant&amp;utm_medium=poweredbyBC\" rel=\"nofollow\">BigCommerce</a></p>\r\n            </div>\r\n        {{/if}}\r\n        {{#if theme_settings.show_copyright_footer}}\r\n            <div class=\"footer-copyright\">\r\n                <p class=\"powered-by\">&copy; {{moment format=\"YYYY\"}} {{settings.store_name}} </p>\r\n            </div>\r\n        {{/if}}\r\n    </div>\r\n</footer>\r\n","components/products/card":"<article class=\"card {{#if alternate}}card--alternate{{/if}}\">\r\n    <figure class=\"card-figure\">\r\n        {{#or price.non_sale_price_with_tax price.non_sale_price_without_tax}}\r\n            {{#if theme_settings.product_sale_badges '===' 'sash'}}\r\n                <div class=\"sale-flag-sash\">\r\n                    <span class=\"sale-text\">On Sale!</span>\r\n                </div>\r\n            {{else if theme_settings.product_sale_badges '===' 'topleft'}}\r\n                <div class=\"sale-flag-side\">\r\n                    <span class=\"sale-text\">On Sale!</span>\r\n                </div>\r\n            {{else if theme_settings.product_sale_badges '===' 'burst'}}\r\n                <div class=\"starwrap\">\r\n                    <div class=\"sale-text-burst\">On Sale!</div>\r\n                    <div class=\"sale-flag-star\"></div>\r\n                </div>\r\n            {{/if}}\r\n        {{/or}}\r\n        {{#if demo}}\r\n            <div class=\"card-img-container\">\r\n                <img class=\"card-image lazyload\" data-sizes=\"auto\" src=\"{{cdn 'img/loading.svg'}}\" data-src=\"{{getImage image 'productgallery_size' (cdn theme_settings.default_image_product)}}\" alt=\"{{image.alt}}\" title=\"{{image.alt}}\">\r\n            </div>\r\n        {{else}}\r\n            <a href=\"{{url}}\">\r\n                <div class=\"card-img-container\">\r\n                    <img class=\"card-image lazyload\" data-sizes=\"auto\" src=\"{{cdn 'img/loading.svg'}}\" data-src=\"{{getImage image 'productgallery_size' (cdn theme_settings.default_image_product)}}\" alt=\"{{image.alt}}\" title=\"{{image.alt}}\">\r\n                </div>\r\n            </a>\r\n        {{/if}}\r\n        <figcaption class=\"card-figcaption\">\r\n            <div class=\"card-figcaption-body\">\r\n                {{#unless hide_product_quick_view}}\r\n                    {{#if theme_settings.show_product_quick_view}}\r\n                        {{#unless demo}}\r\n                            <a href=\"#\" class=\"button button--small card-figcaption-button quickview\" data-product-id=\"{{id}}\">{{lang 'products.quick_view'}}</a>\r\n                        {{/unless}}\r\n                    {{/if}}\r\n                {{/unless}}\r\n                {{#if show_compare}}\r\n                    <label class=\"button button--small card-figcaption-button\" for=\"compare-{{id}}\">\r\n                        {{lang 'products.compare'}} <input type=\"checkbox\" name=\"products[]\" value=\"{{id}}\" id=\"compare-{{id}}\" data-compare-id=\"{{id}}\">\r\n                    </label>\r\n                {{/if}}\r\n                {{#or customer (if theme_settings.restrict_to_login '!==' true)}}\r\n                    {{#if show_cart_action}}\r\n                        {{#if has_options}}\r\n                            <a href=\"{{url}}\" class=\"button button--small card-figcaption-button\" data-product-id=\"{{id}}\">{{lang 'products.choose_options'}}</a>\r\n                        {{/if}}\r\n                        {{#if pre_order}}\r\n                            <a href=\"{{pre_order_add_to_cart_url}}\" class=\"button button--small card-figcaption-button\">{{lang 'products.pre_order'}}</a>\r\n                        {{/if}}\r\n                        {{#if add_to_cart_url }}\r\n                            <a href=\"{{add_to_cart_url}}\" class=\"button button--small card-figcaption-button\">{{lang 'products.add_to_cart'}}</a>\r\n                        {{/if}}\r\n                        {{#if out_of_stock_message }}\r\n                            <a href=\"{{url}}\" class=\"button button--small card-figcaption-button\" data-product-id=\"{{id}}\">{{out_of_stock_message}}</a>\r\n                        {{/if}}\r\n                    {{/if}}\r\n                {{/or}}\r\n            </div>\r\n        </figcaption>\r\n    </figure>\r\n    <div class=\"card-body\">\r\n        {{#and rating show_rating}}\r\n            <p class=\"card-text\" data-test-info-type=\"productRating\">\r\n                <span class=\"rating--small\">\r\n                    {{> components/products/ratings rating=rating}}\r\n                </span>\r\n            </p>\r\n        {{/and}}\r\n        {{#if brand.name}}\r\n            <p class=\"card-text\" data-test-info-type=\"brandName\">{{brand.name}}</p>\r\n        {{/if}}\r\n        <h4 class=\"card-title\">\r\n            {{#if demo}}\r\n                {{name}}\r\n            {{else}}\r\n                <a href=\"{{url}}\">{{name}}</a>\r\n            {{/if}}\r\n        </h4>\r\n\r\n        <div class=\"card-text\" data-test-info-type=\"price\">\r\n            {{#or customer (if theme_settings.restrict_to_login '!==' true)}}\r\n                {{> components/products/price price=price}}\r\n            {{else}}\r\n                {{> components/common/login-for-pricing}}\r\n            {{/or}}\r\n        </div>\r\n        {{> components/products/bulk-discount-rates}}\r\n    </div>\r\n</article>\r\n","components/products/carousel":"<section class=\"productCarousel\"\r\n    data-slick='{\r\n        \"dots\": true,\r\n        \"infinite\": false,\r\n        \"mobileFirst\": true,\r\n        \"slidesToShow\": 2,\r\n        \"slidesToScroll\": 2,\r\n        \"responsive\": [\r\n            {\r\n                \"breakpoint\": 1260,\r\n                \"settings\": {\r\n                    \"slidesToScroll\": 3,\r\n                    \"slidesToShow\": {{ columns }}\r\n                }\r\n            },\r\n            {\r\n                \"breakpoint\": 800,\r\n                \"settings\": {\r\n                    \"slidesToScroll\": 3,\r\n                    \"slidesToShow\": 5\r\n                }\r\n            },\r\n            {\r\n                \"breakpoint\": 550,\r\n                \"settings\": {\r\n                    \"slidesToScroll\": 3,\r\n                    \"slidesToShow\": 3\r\n                }\r\n            }\r\n        ]\r\n    }'\r\n>\r\n    {{#each products}}\r\n    <div class=\"productCarousel-slide\">\r\n        {{> components/products/card theme_settings=../theme_settings customer=../customer}}\r\n    </div>\r\n    {{/each}}\r\n</section>\r\n","components/common/store-logo":"<a href=\"{{urls.home}}\">\r\n    {{#if settings.store_logo.image}}\r\n        {{#if theme_settings.logo_size '===' 'original'}}\r\n            <img class=\"header-logo-image-unknown-size\" src=\"{{getImage settings.store_logo.image 'logo_size'}}\" alt=\"{{settings.store_logo.title}}\" title=\"{{settings.store_logo.title}}\">\r\n        {{else}}\r\n            <div class=\"header-logo-image-container\">\r\n                <img class=\"header-logo-image lazyload\" data-sizes=\"auto\" src=\"{{cdn 'img/loading.svg'}}\" data-src=\"{{getImage settings.store_logo.image 'logo_size'}}\" alt=\"{{settings.store_logo.title}}\" title=\"{{settings.store_logo.title}}\">\r\n            </div>\r\n        {{/if}}\r\n    {{else}}\r\n        <span class=\"header-logo-text\">{{settings.store_logo.title}}</span>\r\n    {{/if}}\r\n</a>\r\n","components/common/modal":"<div id=\"modal\" class=\"modal\" data-reveal data-prevent-quick-search-close>\r\n    <a href=\"#\" class=\"modal-close\" aria-label=\"{{lang 'common.close'}}\" role=\"button\">\r\n        <span aria-hidden=\"true\">&#215;</span>\r\n    </a>\r\n    <div class=\"modal-content\"></div>\r\n    <div class=\"loadingOverlay\"></div>\r\n</div>\r\n","components/common/navigation":"<nav class=\"navUser\">\r\n    {{> components/common/currency-selector}}\r\n\r\n    <ul class=\"navUser-section navUser-section--alt\">\r\n        {{#if customer.store_credit.value '>' 0}}\r\n            <li class=\"navUser-item\">\r\n                <a class=\"navUser-action navUser-action--storeCredit\"\r\n                   data-dropdown=\"storeCredit-dropdown\"\r\n                   data-options=\"align:bottom\"\r\n                   href=\"{{urls.cart}}\">\r\n                        <span class=\"navUser-action-divider\">{{lang 'common.store_credit_overview' credit=customer.store_credit.formatted}}</span>\r\n                </a>\r\n                <div class=\"dropdown-menu\" id=\"storeCredit-dropdown\" data-dropdown-content aria-hidden=\"true\">\r\n                    {{{lang 'common.store_credit' store_credit=customer.store_credit.formatted}}}\r\n                </div>\r\n            </li>\r\n        {{/if}}\r\n        <li class=\"navUser-item\">\r\n            <a class=\"navUser-action navUser-item--compare\" href=\"{{urls.compare}}\" data-compare-nav>{{lang 'common.compare'}} <span class=\"countPill countPill--positive countPill--alt\"></span></a>\r\n        </li>\r\n        {{#if theme_settings.social_icon_placement_top}}\r\n            <li class=\"navUser-item navUser-item--social\">\r\n                {{> components/common/social-links}}\r\n            </li>\r\n            <li class=\"navUser-item navUser-item--divider\">|</li>\r\n        {{/if}}\r\n        <li class=\"navUser-item\">\r\n            <a class=\"navUser-action navUser-action--quickSearch\" href=\"#\" data-search=\"quickSearch\" aria-controls=\"quickSearch\" aria-expanded=\"false\">{{lang 'common.search'}}</a>\r\n        </li>\r\n        {{#if settings.gift_certificates_enabled}}\r\n            <li class=\"navUser-item\">\r\n                <a class=\"navUser-action\" href=\"{{urls.gift_certificate.purchase}}\">{{lang 'common.gift_cert'}}</a>\r\n            </li>\r\n        {{/if}}\r\n        <li class=\"navUser-item navUser-item--account\">\r\n            {{#if customer}}\r\n                <a class=\"navUser-action\" href=\"{{urls.account.index}}\">{{lang 'common.account'}}</a>\r\n                <a class=\"navUser-action\" href=\"{{urls.auth.logout}}\">{{lang 'common.logout'}}</a>\r\n            {{else}}\r\n                <a class=\"navUser-action\" href=\"{{urls.auth.login}}\">{{lang 'common.login'}}</a>\r\n                {{#if settings.account_creation_enabled}}\r\n                    <span class=\"navUser-or\">{{lang 'common.or'}}</span> <a class=\"navUser-action\" href=\"{{urls.auth.create_account}}\">{{lang 'common.sign_up'}}</a>\r\n                {{/if}}\r\n            {{/if}}\r\n        </li>\r\n        <li class=\"navUser-item navUser-item--cart\">\r\n            <a\r\n                class=\"navUser-action\"\r\n                data-cart-preview\r\n                data-dropdown=\"cart-preview-dropdown\"\r\n                data-options=\"align:right\"\r\n                href=\"{{urls.cart}}\">\r\n                <span class=\"navUser-item-cartLabel\">{{lang 'common.cart'}}</span> <span class=\"countPill{{#if cart.items}} countPill--positive{{/if}} cart-quantity\">{{cart.quantity}}</span>\r\n            </a>\r\n\r\n            <div class=\"dropdown-menu\" id=\"cart-preview-dropdown\" data-dropdown-content aria-hidden=\"true\"></div>\r\n        </li>\r\n    </ul>\r\n    <div class=\"dropdown dropdown--quickSearch\" id=\"quickSearch\" aria-hidden=\"true\" tabindex=\"-1\" data-prevent-quick-search-close>\r\n        {{> components/common/quick-search}}\r\n    </div>\r\n</nav>\r\n","components/common/navigation-menu":"<nav class=\"navPages\">\r\n    <div class=\"navPages-quickSearch\">\r\n        {{> components/common/quick-search}}\r\n    </div>\r\n    <ul class=\"navPages-list{{#if theme_settings.navigation_design '!==' 'simple'}} navPages-list-depth-max{{/if}}\">\r\n        {{#each categories}}\r\n            <li class=\"navPages-item\">\r\n            {{#if ../theme_settings.navigation_design '===' 'simple'}}\r\n                {{> components/common/navigation-list}}\r\n            {{/if}}\r\n            {{#if ../theme_settings.navigation_design '===' 'alternate'}}\r\n                {{> components/common/navigation-list-alternate}}\r\n            {{/if}}\r\n            </li>\r\n        {{/each}}\r\n        {{#unless theme_settings.hide_content_navigation}}\r\n            {{#each pages}}\r\n                 <li class=\"navPages-item navPages-item-page\">\r\n                     <a class=\"navPages-action\" href=\"{{url}}\">{{name}}</a>\r\n                 </li>\r\n             {{/each}}\r\n        {{/unless}}\r\n    </ul>\r\n    <ul class=\"navPages-list navPages-list--user\">\r\n        {{#if currency_selector.currencies.length '>' 1}}\r\n            <li class=\"navPages-item\">\r\n                <a class=\"navPages-action has-subMenu\" href=\"#\" data-collapsible=\"navPages-currency\" aria-controls=\"navPages-currency\" aria-expanded=\"false\">\r\n                    {{lang 'common.currency' code=currency_selector.active_currency_code}} <i class=\"icon navPages-action-moreIcon\" aria-hidden=\"true\"><svg><use xmlns:xlink=\"http://www.w3.org/1999/xlink\" xlink:href=\"#icon-chevron-down\"></use></svg></i>\r\n                </a>\r\n                <div class=\"navPage-subMenu\" id=\"navPages-currency\" aria-hidden=\"true\" tabindex=\"-1\">\r\n                    <ul class=\"navPage-subMenu-list\">\r\n                        {{#each currency_selector.currencies}}\r\n                        <li class=\"navPage-subMenu-item\">\r\n                            <a class=\"navPage-subMenu-action navPages-action\" href=\"{{{switch_url}}}\">\r\n                                {{#if is_active}}\r\n                                    <strong>{{name}}</strong>\r\n                                {{else}}\r\n                                    {{name}}\r\n                                {{/if}}\r\n                            </a>\r\n                        </li>\r\n                        {{/each}}\r\n                    </ul>\r\n                </div>\r\n            </li>\r\n        {{/if}}\r\n        {{#if settings.gift_certificates_enabled}}\r\n            <li class=\"navPages-item\">\r\n                <a class=\"navPages-action\" href=\"{{urls.gift_certificate.purchase}}\">{{lang 'common.gift_cert'}}</a>\r\n            </li>\r\n        {{/if}}\r\n        {{#if customer.store_credit.value '>' 0}}\r\n            <li class=\"navPages-item\">\r\n                <a class=\"navPages-action navPages-action--storeCredit\">\r\n                    {{lang 'common.store_credit_overview' credit=customer.store_credit.formatted}}\r\n                </a>\r\n            </li>\r\n        {{/if}}\r\n        {{#if theme_settings.product_list_display_mode '==' 'list'}}\r\n            <li class=\"navPages-item\">\r\n                <a class=\"navPages-action navPages-action--compare\" href=\"{{urls.compare}}\" data-compare-nav>{{lang 'common.compare'}} <span class=\"countPill countPill--positive countPill--alt\"></span></a>\r\n            </li>\r\n        {{/if}}\r\n        {{#if customer}}\r\n            <li class=\"navPages-item\">\r\n                <a class=\"navPages-action has-subMenu\" href=\"{{urls.account.index}}\" data-collapsible=\"navPages-account\">\r\n                    {{lang 'common.account'}} <i class=\"icon navPages-action-moreIcon\" aria-hidden=\"true\"><svg><use xlink:href=\"#icon-chevron-down\" /></svg></i>\r\n                </a>\r\n                <div class=\"navPage-subMenu\" id=\"navPages-account\" aria-hidden=\"true\" tabindex=\"-1\">\r\n                    <ul class=\"navPage-subMenu-list\">\r\n                        <li class=\"navPage-subMenu-item\">\r\n                            <a class=\"navPage-subMenu-action navPages-action\" href=\"{{urls.account.orders.all}}\">{{lang 'account.nav.orders'}}</a>\r\n                        </li>\r\n                        {{#if settings.returns_enabled}}\r\n                            <li class=\"navPage-subMenu-item\">\r\n                                <a class=\"navPage-subMenu-action navPages-action\" href=\"{{urls.account.returns}}\">{{lang 'account.nav.returns'}}</a>\r\n                            </li>\r\n                        {{/if}}\r\n                        <li class=\"navPage-subMenu-item\">\r\n                            <a class=\"navPage-subMenu-action navPages-action\" href=\"{{urls.account.inbox}}\">{{lang 'account.mobile_nav.messages'}}</a>\r\n                        </li>\r\n                        <li class=\"navPage-subMenu-item\">\r\n                            <a class=\"navPage-subMenu-action navPages-action\" href=\"{{urls.account.addresses}}\">{{lang 'account.nav.addresses'}}</span></a>\r\n                        </li>\r\n                        <li class=\"navPage-subMenu-item\">\r\n                            <a class=\"navPage-subMenu-action navPages-action\" href=\"{{urls.account.wishlists.all}}\">{{lang 'account.mobile_nav.wishlists'}}</a>\r\n                        </li>\r\n                        <li class=\"navPage-subMenu-item\">\r\n                            <a class=\"navPage-subMenu-action navPages-action\" href=\"{{urls.account.recent_items}}\">{{lang 'account.nav.recently_viewed'}}</a>\r\n                        </li>\r\n                        <li class=\"navPage-subMenu-item\">\r\n                            <a class=\"navPage-subMenu-action navPages-action\" href=\"{{urls.account.details}}\">{{lang 'account.nav.settings'}}</a>\r\n                        </li>\r\n                    </ul>\r\n                </div>\r\n            </li>\r\n            <li class=\"navPages-item\">\r\n                <a class=\"navPages-action\" href=\"{{urls.auth.logout}}\">{{lang 'common.logout'}}</a>\r\n            </li>\r\n        {{else}}\r\n            <li class=\"navPages-item\">\r\n                <a class=\"navPages-action\" href=\"{{urls.auth.login}}\">{{lang 'common.login'}}</a>\r\n                {{#if settings.account_creation_enabled}}\r\n                    {{lang 'common.or'}} <a class=\"navPages-action\" href=\"{{urls.auth.create_account}}\">{{lang 'common.sign_up'}}</a>\r\n                {{/if}}\r\n            </li>\r\n        {{/if}}\r\n        {{#if theme_settings.social_icon_placement_top}}\r\n            <li class=\"navPages-item\">\r\n                {{> components/common/social-links}}\r\n            </li>\r\n        {{/if}}\r\n    </ul>\r\n</nav>\r\n","components/common/social-links":"{{#if social_media}}\r\n    <ul class=\"socialLinks socialLinks--alt\">\r\n        {{#each social_media}}\r\n            <li class=\"socialLinks-item\">\r\n                {{#if display_name '===' 'google+'}}\r\n                    <a class=\"icon icon--google\" href=\"{{url}}\" target=\"_blank\">\r\n                        <svg><use xlink:href=\"#icon-google\" /></svg>\r\n                    </a>\r\n                {{else}}\r\n                    <a class=\"icon icon--{{display_name}}\" href=\"{{url}}\" target=\"_blank\">\r\n                        <svg><use xlink:href=\"#icon-{{display_name}}\" /></svg>\r\n                    </a>\r\n                {{/if}}\r\n            </li>\r\n        {{/each}}\r\n    </ul>\r\n{{/if}}\r\n","components/common/subscription-form":"<h5 class=\"footer-info-heading\">{{lang 'newsletter.subscribe'}}</h5>\r\n<p>{{lang 'newsletter.subscribe_intro'}}</p>\r\n\r\n<form class=\"form\" action=\"{{urls.subscribe.action}}\" method=\"post\">\r\n    <fieldset class=\"form-fieldset\">\r\n        <input type=\"hidden\" name=\"action\" value=\"subscribe\">\r\n        <input type=\"hidden\" name=\"nl_first_name\" value=\"bc\">\r\n        <input type=\"hidden\" name=\"check\" value=\"1\">\r\n        <div class=\"form-field\">\r\n            <label class=\"form-label is-srOnly\" for=\"nl_email\">{{lang 'common.email_address'}}</label>\r\n            <div class=\"form-prefixPostfix wrap\">\r\n                <input class=\"form-input\" id=\"nl_email\" name=\"nl_email\" type=\"email\" value=\"{{customer.email}}\" placeholder=\"{{lang 'newsletter.email_placeholder'}}\">\r\n                <input class=\"button button--primary form-prefixPostfix-button--postfix\" type=\"submit\" value=\"{{lang 'newsletter.subscribe_submit'}}\">\r\n            </div>\r\n            {{#if settings.show_newsletter_summary }}\r\n                <div class=\"footer-newsletter-summary\">{{settings.newsletter_summary}}</div>\r\n            {{/if}}\r\n        </div>\r\n    </fieldset>\r\n</form>\r\n","components/common/geotrust-ssl-seal":"<table width=\"135\" border=\"0\" cellpadding=\"2\" cellspacing=\"0\" title=\"Click to Verify - This site chose GeoTrust SSL for secure e-commerce and confidential communications.\">\r\n    <tr>\r\n        <td width=\"135\" align=\"center\" valign=\"top\">\r\n            <script type=\"text/javascript\" src=\"https://seal.geotrust.com/getgeotrustsslseal?host_name={{theme_settings.geotrust_ssl_common_name}}&amp;size={{theme_settings.geotrust_ssl_seal_size}}&amp;lang={{locale_name}}\"></script><br />\r\n            <a href=\"http://www.geotrust.com/ssl/\" target=\"_blank\"  style=\"color:#000000; text-decoration:none; font:bold 7px verdana,sans-serif; letter-spacing:.5px; text-align:center; margin:0px; padding:0px;\"></a>\r\n        </td>\r\n    </tr>\r\n</table>\r\n","components/common/payment-icons":"{{#with theme_settings}}\r\n    {{#or show_accept_amex show_accept_discover show_accept_mastercard show_accept_paypal show_accept_visa}}\r\n        <div class=\"footer-payment-icons\">\r\n            {{#if show_accept_amex}}\r\n                <svg class=\"footer-payment-icon\"><use xlink:href=\"#icon-logo-american-express\"></use></svg>\r\n            {{/if}}\r\n            {{#if show_accept_discover}}\r\n                <svg class=\"footer-payment-icon\"><use xlink:href=\"#icon-logo-discover\"></use></svg>\r\n            {{/if}}\r\n            {{#if show_accept_mastercard}}\r\n                <svg class=\"footer-payment-icon\"><use xlink:href=\"#icon-logo-mastercard\"></use></svg>\r\n            {{/if}}\r\n            {{#if show_accept_paypal}}\r\n                <svg class=\"footer-payment-icon\"><use xlink:href=\"#icon-logo-paypal\"></use></svg>\r\n            {{/if}}\r\n            {{#if show_accept_visa}}\r\n                <svg class=\"footer-payment-icon\"><use xlink:href=\"#icon-logo-visa\"></use></svg>\r\n            {{/if}}\r\n        </div>\r\n    {{/or}}\r\n{{/with}}\r\n","components/products/price":"{{!-- There are 2 code paths for generating the PDP pricing HTML determined by the following #and condition. \r\nIf a 'price_range' exists then we generate all HTML in price-range.html, otherwise it is defined here. Both code\r\npaths generate the same HTML structure with some differences in whether that element is displayed by default (css styling).\r\n\r\nIf you are making a change here or in price-range.html, you probably want to make that change in both files. --}}\r\n\r\n{{#and price.price_range (if theme_settings.price_ranges '==' true)}}\r\n    {{> components/products/price-range price=price schema_org=schema_org}}\r\n{{else}}\r\n    {{#if price.with_tax}}\r\n        <div class=\"price-section price-section--withTax rrp-price--withTax\" {{#unless price.rrp_with_tax}}style=\"display: none;\"{{/unless}}>\r\n            {{theme_settings.pdp-retail-price-label}}\r\n            <span data-product-rrp-with-tax class=\"price price--rrp\">\r\n                {{price.rrp_with_tax.formatted}}\r\n            </span>\r\n        </div>\r\n        <div class=\"price-section price-section--withTax non-sale-price--withTax\" {{#unless price.non_sale_price_with_tax}}style=\"display: none;\"{{/unless}}>\r\n            {{theme_settings.pdp-non-sale-price-label}}\r\n            <span data-product-non-sale-price-with-tax class=\"price price--non-sale\">\r\n                {{price.non_sale_price_with_tax.formatted}}\r\n            </span>\r\n        </div>\r\n        <div class=\"price-section price-section--withTax\" {{#if schema_org}}itemprop=\"offers\" itemscope itemtype=\"http://schema.org/Offer\"{{/if}}>\r\n            <span class=\"price-label\" {{#if price.non_sale_price_with_tax}}style=\"display: none;\"{{/if}}>\r\n                {{theme_settings.pdp-price-label}}\r\n            </span>\r\n            <span class=\"price-now-label\" {{#unless price.non_sale_price_with_tax}}style=\"display: none;\"{{/unless}}>\r\n                {{theme_settings.pdp-sale-price-label}}\r\n            </span>\r\n            <span data-product-price-with-tax class=\"price price--withTax\">{{price.with_tax.formatted}}</span>\r\n            {{#if schema_org}}\r\n                <meta itemprop=\"availability\" content=\"{{product.availability}}\">\r\n                <meta itemprop=\"itemCondition\" itemtype=\"http://schema.org/OfferItemCondition\" content=\"http://schema.org/{{product.condition}}Condition\">\r\n                <div itemprop=\"priceSpecification\" itemscope itemtype=\"http://schema.org/PriceSpecification\">\r\n                    <meta itemprop=\"price\" content=\"{{price.with_tax.value}}\">\r\n                    <meta itemprop=\"priceCurrency\" content=\"{{currency_selector.active_currency_code}}\">\r\n                    <meta itemprop=\"valueAddedTaxIncluded\" content=\"true\">\r\n                </div>\r\n            {{/if}}\r\n            {{#if price.without_tax}}\r\n                <abbr title=\"{{lang 'products.including_tax'}}\">{{lang 'products.price_with_tax' tax_label=price.tax_label}}</abbr>\r\n            {{/if}}\r\n        </div>\r\n    {{/if}}\r\n    {{#if price.without_tax}}\r\n        <div class=\"price-section price-section--withoutTax rrp-price--withoutTax{{#if price.with_tax}} price-section--minor{{/if}}\" {{#unless price.rrp_without_tax}}style=\"display: none;\"{{/unless}}>\r\n            {{theme_settings.pdp-retail-price-label}}\r\n            <span data-product-rrp-price-without-tax class=\"price price--rrp\"> \r\n                {{price.rrp_without_tax.formatted}}\r\n            </span>\r\n        </div>\r\n        <div class=\"price-section price-section--withoutTax non-sale-price--withoutTax{{#if price.with_tax}} price-section--minor{{/if}}\" {{#unless price.non_sale_price_without_tax}}style=\"display: none;\"{{/unless}}>\r\n            {{theme_settings.pdp-non-sale-price-label}}\r\n            <span data-product-non-sale-price-without-tax class=\"price price--non-sale\">\r\n                {{price.non_sale_price_without_tax.formatted}}\r\n            </span>\r\n        </div>\r\n        <div class=\"price-section price-section--withoutTax\" {{#if schema_org}}itemprop=\"offers\" itemscope itemtype=\"http://schema.org/Offer\"{{/if}}>\r\n            <span class=\"price-label\" {{#if price.non_sale_price_without_tax}}style=\"display: none;\"{{/if}}>\r\n                {{theme_settings.pdp-price-label}}\r\n            </span>\r\n            <span class=\"price-now-label\" {{#unless price.non_sale_price_without_tax}}style=\"display: none;\"{{/unless}}>\r\n                {{theme_settings.pdp-sale-price-label}}\r\n            </span>\r\n            <span data-product-price-without-tax class=\"price price--withoutTax{{#if price.with_tax}} price-section--minor{{/if}}\">{{price.without_tax.formatted}}</span>\r\n            {{#if schema_org}}\r\n                <meta itemprop=\"availability\" itemtype=\"http://schema.org/ItemAvailability\"\r\n                    content=\"http://schema.org/{{#if product.pre_order}}PreOrder{{else if product.out_of_stock}}OutOfStock{{else if product.can_purchase '===' false}}OutOfStock{{else}}InStock{{/if}}\">\r\n                <meta itemprop=\"itemCondition\" itemtype=\"http://schema.org/OfferItemCondition\" content=\"http://schema.org/{{product.condition}}Condition\">\r\n                <div itemprop=\"priceSpecification\" itemscope itemtype=\"http://schema.org/PriceSpecification\">\r\n                    <meta itemprop=\"price\" content=\"{{price.without_tax.value}}\">\r\n                    <meta itemprop=\"priceCurrency\" content=\"{{currency_selector.active_currency_code}}\">\r\n                    <meta itemprop=\"valueAddedTaxIncluded\" content=\"false\">\r\n                </div>\r\n            {{/if}}\r\n            {{#if price.with_tax}}\r\n                <abbr title=\"{{lang 'products.excluding_tax'}}\">{{lang 'products.price_without_tax' tax_label=price.tax_label}}</abbr>\r\n            {{/if}}\r\n        </div>\r\n    {{/if}}\r\n    {{#if page_type '===' 'product'}}\r\n         <div class=\"price-section price-section--saving price\" {{#unless price.saved}}style=\"display: none;\"{{/unless}}>\r\n                <span class=\"price\">{{lang 'products.you_save_opening_text'}}</span>\r\n                <span data-product-price-saved class=\"price price--saving\">\r\n                    {{price.saved.formatted}}\r\n                </span>\r\n                <span class=\"price\">{{lang 'products.you_save_closing_bracket'}}</span>\r\n         </div>\r\n    {{/if}}\r\n{{/and}}\r\n","components/products/ratings":"{{#for 1 5}}\r\n    {{#if ../this.rating '>=' $index}}\r\n        <span class=\"icon icon--ratingFull\">\r\n            <svg>\r\n                <use xlink:href=\"#icon-star\" />\r\n            </svg>\r\n        </span>\r\n    {{else}}\r\n        <span class=\"icon icon--ratingEmpty\">\r\n            <svg>\r\n                <use xlink:href=\"#icon-star\" />\r\n            </svg>\r\n        </span>\r\n    {{/if}}\r\n{{/for}}\r\n{{{snippet 'product_rating'}}}\r\n","components/common/login-for-pricing":"<p translate>Log in for pricing</p>\r\n","components/products/bulk-discount-rates":"{{#if bulk_discount_rates.length}}\r\n    {{#if product}}<dt class=\"productView-info-name\">{{lang 'products.bulk_pricing.title'}}</dt>{{/if}}\r\n    <dd class=\"productView-info-value\">\r\n        <a href=\"{{url}}\"\r\n           {{#unless is_ajax }}data-reveal-id=\"bulkPricingModal{{#if id}}-{{id}}-{{$index}}{{/if}}\"{{/unless}}>\r\n            {{lang 'products.bulk_pricing.view'}}\r\n        </a>\r\n    </dd>\r\n    <div id=\"bulkPricingModal{{#if id}}-{{id}}-{{$index}}{{/if}}\" class=\"modal modal--small\" data-reveal>\r\n        <div class=\"modal-header\">\r\n            <h2 class=\"modal-header-title\">{{lang 'products.bulk_pricing.modal_title'}}</h2>\r\n            <a href=\"#\" class=\"modal-close\" aria-label=\"Close\"><span aria-hidden=\"true\">&#215;</span></a>\r\n        </div>\r\n        <div class=\"modal-body\">\r\n            <p>{{lang 'products.bulk_pricing.instructions'}}</p>\r\n            <ul>\r\n                {{#each bulk_discount_rates}}\r\n                <li>\r\n                    {{lang 'products.bulk_pricing.range' min=min max=max}}\r\n                    {{#if type '===' 'percent'}}\r\n                    {{lang 'products.bulk_pricing.percent' discount=discount.formatted}}\r\n                    {{/if}}\r\n                    {{#if type '===' 'fixed'}}\r\n                    {{lang 'products.bulk_pricing.fixed' discount=discount.formatted}}\r\n                    {{/if}}\r\n                    {{#if type '===' 'price'}}\r\n                    {{lang 'products.bulk_pricing.price' discount=discount.formatted}}\r\n                    {{/if}}\r\n                </li>\r\n                {{/each}}\r\n            </ul>\r\n        </div>\r\n    </div>\r\n{{/if}}\r\n","components/common/currency-selector":"{{#if currency_selector.currencies.length '>' 1}}\r\n<ul class=\"navUser-section\">\r\n    <li class=\"navUser-item\">\r\n        <a class=\"navUser-action navUser-action--currencySelector has-dropdown\" href=\"#\" data-dropdown=\"currencySelection\" aria-controls=\"currencySelection\" aria-expanded=\"false\">{{lang 'common.currency' code=currency_selector.active_currency_code}} <i class=\"icon\" aria-hidden=\"true\"><svg><use xlink:href=\"#icon-chevron-down\" /></svg></i></a>\r\n        <ul class=\"dropdown-menu\" id=\"currencySelection\" data-dropdown-content aria-hidden=\"true\" tabindex=\"-1\">\r\n            {{#each currency_selector.currencies}}\r\n            <li class=\"dropdown-menu-item\">\r\n                <a href=\"{{{switch_url}}}\">\r\n                    {{#if is_active}}\r\n                    <strong>{{name}}</strong>\r\n                    {{else}}\r\n                    {{name}}\r\n                    {{/if}}\r\n                </a>\r\n            </li>\r\n            {{/each}}\r\n        </ul>\r\n    </li>\r\n</ul>\r\n{{/if}}\r\n","components/common/quick-search":"<div class=\"container\">\r\n    {{{ snippet \"forms_search\"}}}\r\n    <form class=\"form\" action=\"{{urls.search}}\">\r\n        <fieldset class=\"form-fieldset\">\r\n            <div class=\"form-field\">\r\n                <label class=\"is-srOnly\" for=\"search_query\">{{lang \"search.quick_search.input_label\"}}</label>\r\n                <input class=\"form-input\" data-search-quick name=\"search_query\" id=\"search_query\" data-error-message=\"{{lang 'search.error.empty_field'}}\" placeholder=\"{{lang 'search.quick_search.input_placeholder'}}\" autocomplete=\"off\">\r\n            </div>\r\n        </fieldset>\r\n    </form>\r\n    <section class=\"quickSearchResults\" data-bind=\"html: results\"></section>\r\n</div>\r\n","components/common/navigation-list":"{{#if children}}\r\n<a class=\"navPages-action has-subMenu\" href=\"{{url}}\" data-collapsible=\"navPages-{{id}}\">\r\n    {{name}} <i class=\"icon navPages-action-moreIcon\" aria-hidden=\"true\"><svg><use xlink:href=\"#icon-chevron-down\" /></svg></i>\r\n</a>\r\n<div class=\"navPage-subMenu\" id=\"navPages-{{id}}\" aria-hidden=\"true\" tabindex=\"-1\">\r\n    <ul class=\"navPage-subMenu-list\">\r\n        <li class=\"navPage-subMenu-item\">\r\n            <a class=\"navPage-subMenu-action navPages-action\" href=\"{{url}}\">{{lang 'category.view_all.name' category=name}}</a>\r\n        </li>\r\n        {{#each children}}\r\n            <li class=\"navPage-subMenu-item\">\r\n                {{#if children}}\r\n                    <a\r\n                        class=\"navPage-subMenu-action navPages-action has-subMenu\"\r\n                        href=\"{{url}}\"\r\n                        data-collapsible=\"navPages-{{id}}\"\r\n                        data-collapsible-disabled-breakpoint=\"medium\"\r\n                        data-collapsible-disabled-state=\"open\"\r\n                        data-collapsible-enabled-state=\"closed\">\r\n                        {{name}} <i class=\"icon navPages-action-moreIcon\" aria-hidden=\"true\"><svg><use xlink:href=\"#icon-chevron-down\" /></svg></i>\r\n                    </a>\r\n                    <ul class=\"navPage-childList\" id=\"navPages-{{id}}\">\r\n                        {{#each children}}\r\n                        <li class=\"navPage-childList-item\">\r\n                            <a class=\"navPage-childList-action navPages-action\" href=\"{{url}}\">{{name}}</a>\r\n                        </li>\r\n                        {{/each}}\r\n                    </ul>\r\n                {{else}}\r\n                    <a class=\"navPage-subMenu-action navPages-action\" href=\"{{url}}\">{{name}}</a>\r\n                {{/if}}\r\n            </li>\r\n        {{/each}}\r\n    </ul>\r\n</div>\r\n{{else}}\r\n<a class=\"navPages-action\" href=\"{{url}}\">{{name}}</a>\r\n{{/if}}\r\n","components/common/navigation-list-alternate":"{{#if children}}\r\n    <a class=\"navPages-action navPages-action-depth-max has-subMenu is-root\" href=\"{{url}}\" data-collapsible=\"navPages-{{id}}\">\r\n        {{name}} <i class=\"icon navPages-action-moreIcon\" aria-hidden=\"true\"><svg><use xlink:href=\"#icon-chevron-down\" /></svg></i>\r\n    </a>\r\n    {{> components/common/navigation-dropdown}}\r\n{{else}}\r\n    <a class=\"navPages-action\" href=\"{{url}}\">{{name}}</a>\r\n{{/if}}\r\n","components/products/price-range":"{{#and price.retail_price_range.min.with_tax price.retail_price_range.max.with_tax}}\r\n    <div class=\"price-section price-section--withTax rrp-price--withTax\">\r\n        {{theme_settings.pdp-retail-price-label}}\r\n        <span data-product-rrp-price-with-tax class=\"price price--rrp\">{{price.retail_price_range.min.with_tax.formatted}} - {{price.retail_price_range.max.with_tax.formatted}}</span>\r\n    </div>\r\n{{else}}\r\n    {{#if price.with_tax}}\r\n        <div class=\"price-section price-section--withTax rrp-price--withTax\" style=\"display: none;\">\r\n            {{theme_settings.pdp-retail-price-label}}\r\n            <span data-product-rrp-with-tax class=\"price price--rrp\">\r\n                {{price.rrp_with_tax.formatted}}\r\n            </span>\r\n        </div>\r\n    {{/if}}\r\n{{/and}}\r\n{{#and price.price_range.min.with_tax price.price_range.max.with_tax}}\r\n    {{!-- Never display the \"non-sales price\" if there is a price range to be shown, but we do want the element on the page --}}\r\n    <div class=\"price-section price-section--withTax non-sale-price--withTax\" style=\"display: none;\">\r\n        {{theme_settings.pdp-non-sale-price-label}}\r\n        <span data-product-non-sale-price-with-tax class=\"price price--non-sale\">\r\n            {{price.non_sale_price_with_tax.formatted}}\r\n        </span>\r\n    </div>\r\n    <div class=\"price-section price-section--withTax\" {{#if schema_org}}itemprop=\"offers\" itemscope itemtype=\"http://schema.org/Offer\"{{/if}}>\r\n        <span class=\"price-label\">{{theme_settings.pdp-price-label}}</span>\r\n        <span class=\"price-now-label\" style=\"display: none;\">{{theme_settings.pdp-sale-price-label}}</span>\r\n        <span data-product-price-with-tax class=\"price price--withTax\">{{price.price_range.min.with_tax.formatted}} - {{price.price_range.max.with_tax.formatted}}</span>\r\n        {{#and price.price_range.min.without_tax price.price_range.max.without_tax}}\r\n            <abbr title=\"{{lang 'products.including_tax'}}\">{{lang 'products.price_with_tax' tax_label=price.price_range.min.tax_label}}</abbr>\r\n        {{/and}}\r\n        {{#if schema_org}}\r\n            <meta itemprop=\"availability\" content=\"{{product.availability}}\">\r\n            <meta itemprop=\"itemCondition\" itemtype=\"http://schema.org/OfferItemCondition\" content=\"http://schema.org/{{product.condition}}Condition\">\r\n            <div itemprop=\"priceSpecification\" itemscope itemtype=\"http://schema.org/PriceSpecification\">\r\n                <meta itemprop=\"minPrice\" content=\"{{price_range.min.with_tax.value}}\"  />\r\n                <meta itemprop=\"price\" content=\"{{price_range.min.with_tax.value}}\">\r\n                <meta itemprop=\"maxPrice\" content=\"{{price_range.max.with_tax.value}}\"  />\r\n                <meta itemprop=\"priceCurrency\" content=\"{{currency_selector.active_currency_code}}\">\r\n                <meta itemprop=\"valueAddedTaxIncluded\" content=\"true\">\r\n            </div>\r\n        {{/if}}\r\n    </div>\r\n{{/and}}\r\n{{#and price.retail_price_range.min.without_tax price.retail_price_range.max.without_tax}}\r\n    <div class=\"price-section price-section--withoutTax rrp-price--withoutTax{{#if price.with_tax}} price-section--minor{{/if}}\">\r\n        {{theme_settings.pdp-retail-price-label}}\r\n        <span data-product-rrp-price-without-tax class=\"price price--rrp\">{{price.retail_price_range.min.without_tax.formatted}} - {{price.retail_price_range.max.without_tax.formatted}}</span>\r\n    </div>\r\n{{else}}\r\n    {{#if price.without_tax}}\r\n        <div class=\"price-section price-section--withoutTax rrp-price--withoutTax{{#if price.with_tax}} price-section--minor{{/if}}\" style=\"display: none;\">\r\n            {{theme_settings.pdp-retail-price-label}}\r\n            <span data-product-rrp-price-without-tax class=\"price price--rrp\">\r\n                {{price.rrp_without_tax.formatted}}\r\n            </span>\r\n        </div>\r\n    {{/if}}\r\n{{/and}}\r\n{{#and price.price_range.min.without_tax price.price_range.max.without_tax}}\r\n    {{!-- Never display the \"non-sales price\" if there is a price range to be shown, but we do want the element on the page --}}\r\n    <div class=\"price-section price-section--withoutTax non-sale-price--withoutTax{{#if price.with_tax}} price-section--minor{{/if}}\" style=\"display: none;\">\r\n        {{theme_settings.pdp-non-sale-price-label}}\r\n        <span data-product-non-sale-price-without-tax class=\"price price--non-sale\">\r\n            {{price.non_sale_price_without_tax.formatted}}\r\n        </span>\r\n    </div>\r\n    <div class=\"price-section price-section--withoutTax{{#and price_range.min.with_tax price_range.max.with_tax}} price-section--minor{{/and}}\" {{#if schema_org}}itemprop=\"offers\" itemscope itemtype=\"http://schema.org/Offer\"{{/if}}>\r\n        <span class=\"price-label\">{{theme_settings.pdp-price-label}}</span>\r\n        <span class=\"price-now-label\" style=\"display: none;\">{{theme_settings.pdp-sale-price-label}}</span>\r\n        <span data-product-price-without-tax class=\"price price--withoutTax\">{{price.price_range.min.without_tax.formatted}} - {{price.price_range.max.without_tax.formatted}}</span>\r\n        {{#and price.price_range.min.with_tax price.price_range.max.with_tax}}\r\n            <abbr title=\"{{lang 'products.excluding_tax'}}\">{{lang 'products.price_without_tax' tax_label=price.price_range.min.tax_label}}</abbr>\r\n        {{/and}}\r\n        {{#if schema_org}}\r\n            <meta itemprop=\"availability\" content=\"{{product.availability}}\">\r\n            <meta itemprop=\"itemCondition\" itemtype=\"http://schema.org/OfferItemCondition\" content=\"http://schema.org/{{product.condition}}Condition\">\r\n            <div itemprop=\"priceSpecification\" itemscope itemtype=\"http://schema.org/PriceSpecification\">\r\n                <meta itemprop=\"minPrice\" content=\"{{price.price_range.min.without_tax.value}}\"  />\r\n                <meta itemprop=\"price\" content=\"{{price.price_range.min.without_tax.value}}\">\r\n                <meta itemprop=\"maxPrice\" content=\"{{price.price_range.max.without_tax.value}}\"  />\r\n                <meta itemprop=\"priceCurrency\" content=\"{{currency_selector.active_currency_code}}\">\r\n                <meta itemprop=\"valueAddedTaxIncluded\" content=\"false\">\r\n            </div>\r\n        {{/if}}\r\n    </div>\r\n{{/and}}\r\n\r\n{{!-- Never display the \"saving price\" element by default if there is a price range on the page to be shown --}}\r\n{{#if page_type '===' 'product'}}\r\n     <div class=\"price-section price-section--saving price\" style=\"display: none;\">\r\n            <span class=\"price\">{{lang 'products.you_save_opening_text'}}</span>\r\n            <span data-product-price-saved class=\"price price--saving\">\r\n                {{price.saved.formatted}}\r\n            </span>\r\n            <span class=\"price\">{{lang 'products.you_save_closing_bracket'}}</span>\r\n     </div>\r\n{{/if}}\r\n","components/common/navigation-dropdown":"<div class=\"navPage-subMenu navPage-subMenu-horizontal\" id=\"navPages-{{id}}\" aria-hidden=\"true\" tabindex=\"-1\">\r\n    <ul class=\"navPage-subMenu-list\">\r\n        <li class=\"navPage-subMenu-item-parent\">\r\n            <a class=\"navPage-subMenu-action navPages-action navPages-action-depth-max\" href=\"{{url}}\">{{lang 'category.view_all.name' category=name}}</a>\r\n        </li>\r\n        {{#each children}}\r\n            <li class=\"navPage-subMenu-item-child\">\r\n                {{#if children}}\r\n                    <a class=\"navPage-subMenu-action navPages-action navPages-action-depth-max has-subMenu\" href=\"{{url}}\" data-collapsible=\"navPages-{{id}}\">\r\n                        {{name}} <i class=\"icon navPages-action-moreIcon\" aria-hidden=\"true\"><svg><use xlink:href=\"#icon-chevron-down\" /></svg></i>\r\n                    </a>\r\n                    {{> components/common/navigation-dropdown}}\r\n                {{else}}\r\n                    <a class=\"navPage-subMenu-action navPages-action\" href=\"{{url}}\">{{name}}</a>\r\n                {{/if}}\r\n            </li>\r\n        {{/each}}\r\n    </ul>\r\n</div>\r\n"}